2015-01-27 08:34:40, START,570,0,PC,0,0,0,0,0,0,0,0,0,0

2015-01-27 08:35:16, STOP,570,0,PC,0,0,0,0,0,0,35728.0,0,0,0

2015-01-27 08:35:18, START,570,61,60556105,0,2,0,0,0,0,0,0,0,0

2015-01-27 08:46:37, STOP,570,61,60556105,0,2,0,0,0,0,35728.0,17344.0,678.6,0

2015-01-27 08:46:47, START,570,0,PC,0,0,0,0,0,0,0,0,0,0

2015-01-27 08:47:23, STOP,570,0,PC,0,0,0,0,0,0,35904.0,0,0,0

2015-01-27 08:47:25, START,570,61,60556105,0,2,0,0,0,0,0,0,0,0

2015-01-27 08:58:44, STOP,570,61,60556105,0,2,0,0,0,0,35904.0,17408.0,678.5,0

2015-01-27 08:58:54, START,570,0,PC,0,0,0,0,0,0,0,0,0,0

2015-01-27 08:59:30, STOP,570,0,PC,0,0,0,0,0,0,35600.0,0,0,0

2015-01-27 08:59:32, START,570,61,60556105,0,2,0,0,0,0,0,0,0,0

2015-01-27 09:10:50, STOP,570,61,60556105,0,2,0,0,0,0,35600.0,17440.0,678.5,0

2015-01-27 09:11:00, START,570,0,PC,0,0,0,0,0,0,0,0,0,0

2015-01-27 09:11:37, STOP,570,0,PC,0,0,0,0,0,0,35984.0,0,0,0

2015-01-27 09:11:39, START,570,61,60556105,0,2,0,0,0,0,0,0,0,0

2015-01-27 09:22:57, STOP,570,61,60556105,0,2,0,0,0,0,35984.0,17360.0,678.5,0

2015-01-27 09:23:07, START,570,0,PC,0,0,0,0,0,0,0,0,0,0

2015-01-27 09:23:43, STOP,570,0,PC,0,0,0,0,0,0,35472.0,0,0,0

2015-01-27 09:23:45, START,570,61,60556105,0,2,0,0,0,0,0,0,0,0

2015-01-27 09:35:04, STOP,570,61,60556105,0,2,0,0,0,0,35472.0,17312.0,678.3,0

2015-01-27 09:35:14, START,570,0,PC,0,0,0,0,0,0,0,0,0,0

2015-01-27 09:35:50, STOP,570,0,PC,0,0,0,0,0,0,36016.0,0,0,0

2015-01-27 09:35:52, START,570,61,60556105,0,2,0,0,0,0,0,0,0,0

2015-01-27 09:47:11, STOP,570,61,60556105,0,2,0,0,0,0,36016.0,17440.0,678.6,0

2015-01-27 09:47:21, START,570,0,PC,0,0,0,0,0,0,0,0,0,0

2015-01-27 09:47:56, STOP,570,0,PC,0,0,0,0,0,0,35456.0,0,0,0

2015-01-27 09:47:58, START,570,61,60556105,0,2,0,0,0,0,0,0,0,0

2015-01-27 09:59:16, STOP,570,61,60556105,0,2,0,0,0,0,35456.0,17360.0,677.4,0

2015-01-27 09:59:26, START,570,0,PC,0,0,0,0,0,0,0,0,0,0

2015-01-27 10:00:03, STOP,570,0,PC,0,0,0,0,0,0,36208.0,0,0,0

2015-01-27 10:00:05, START,570,61,60556105,0,2,0,0,0,0,0,0,0,0

2015-01-27 10:11:23, STOP,570,61,60556105,0,2,0,0,0,0,36208.0,17360.0,678.1,0

2015-01-27 10:11:33, START,570,0,PC,0,0,0,0,0,0,0,0,0,0

2015-01-27 10:12:09, STOP,570,0,PC,0,0,0,0,0,0,35696.0,0,0,0

2015-01-27 10:12:11, START,570,61,60556105,0,2,0,0,0,0,0,0,0,0

2015-01-27 10:23:29, STOP,570,61,60556105,0,2,0,0,0,0,35696.0,17376.0,677.7,0

2015-01-27 10:23:39, START,570,0,PC,0,0,0,0,0,0,0,0,0,0

2015-01-27 10:24:16, STOP,570,0,PC,0,0,0,0,0,0,36224.0,0,0,0

2015-01-27 10:24:17, START,570,61,60556105,0,2,0,0,0,0,0,0,0,0

2015-01-27 10:44:45, STOP,570,61,60556105,0,2,0,0,0,0,36224.0,17296.0,1227.1,0

2015-01-27 10:44:55, START,570,0,PC,0,0,0,0,0,0,0,0,0,0

2015-01-27 10:45:31, STOP,570,0,PC,0,0,0,0,0,0,35600.0,0,0,0

2015-01-27 10:45:33, START,570,61,60556105,0,2,0,0,0,0,0,0,0,0

2015-01-27 10:56:51, STOP,570,61,60556105,0,2,0,0,0,0,35600.0,17216.0,678.0,0

2015-01-27 10:57:01, START,570,0,PC,0,0,0,0,0,0,0,0,0,0

2015-01-27 10:57:37, STOP,570,0,PC,0,0,0,0,0,0,35824.0,0,0,0

2015-01-27 10:57:39, START,570,61,60556105,0,2,0,0,0,0,0,0,0,0

2015-01-27 11:08:57, STOP,570,61,60556105,0,2,0,0,0,0,35824.0,17296.0,677.7,0

2015-01-27 11:09:07, START,570,0,PC,0,0,0,0,0,0,0,0,0,0

2015-01-27 11:09:43, STOP,570,0,PC,0,0,0,0,0,0,35360.0,0,0,0

2015-01-27 11:09:45, START,570,61,60556105,0,2,0,0,0,0,0,0,0,0

2015-01-27 11:21:03, STOP,570,61,60556105,0,2,0,0,0,0,35360.0,17344.0,677.9,0

2015-01-27 11:22:33, START,570,0,PC,0,0,0,0,0,0,0,0,0,0

2015-01-27 11:23:09, STOP,570,0,PC,0,0,0,0,0,0,35776.0,0,0,0

2015-01-27 11:23:11, START,570,61,60556105,0,2,0,0,0,0,0,0,0,0

2015-01-27 11:34:28, STOP,570,61,60556105,0,2,0,0,0,0,35776.0,17280.0,677.4,0

2015-01-27 11:34:38, START,570,0,PC,0,0,0,0,0,0,0,0,0,0

2015-01-27 11:35:16, STOP,570,0,PC,0,0,0,0,0,0,35408.0,0,0,0

2015-01-27 11:35:18, START,570,460,60556100,22,2,0,0,0,0,0,0,0,0

2015-01-27 11:46:46, STOP,570,460,60556100,22,2,0,0,0,0,35408.0,17360.0,689.7,0

2015-01-27 11:48:54, START,570,0,PC,0,0,0,0,0,0,0,0,0,0

2015-01-27 11:49:30, STOP,570,0,PC,0,0,0,0,0,0,36160.0,0,0,0

2015-01-27 11:49:32, START,570,460,60556100,22,2,0,0,0,0,0,0,0,0

2015-01-27 12:01:03, STOP,570,460,60556100,22,2,0,0,0,0,36160.0,17200.0,690.1,0

2015-01-27 12:01:13, START,570,0,PC,0,0,0,0,0,0,0,0,0,0

2015-01-27 12:01:49, STOP,570,0,PC,0,0,0,0,0,0,35856.0,0,0,0

2015-01-27 12:01:51, START,570,460,60556100,22,2,0,0,0,0,0,0,0,0

2015-01-27 12:16:52, STOP,570,460,60556100,22,2,0,0,0,0,35856.0,17360.0,900.7,0

2015-01-27 12:17:02, START,570,0,PC,0,0,0,0,0,0,0,0,0,0

2015-01-27 12:17:38, STOP,570,0,PC,0,0,0,0,0,0,35920.0,0,0,0

2015-01-27 12:17:40, START,570,460,60556100,22,2,0,0,0,0,0,0,0,0

2015-01-27 12:29:10, STOP,570,460,60556100,22,2,0,0,0,0,35920.0,17424.0,689.5,0

2015-01-27 12:29:20, START,570,0,PC,0,0,0,0,0,0,0,0,0,0

2015-01-27 12:29:55, STOP,570,0,PC,0,0,0,0,0,0,35408.0,0,0,0

2015-01-27 12:29:58, START,570,60,60556100,0,2,0,0,0,0,0,0,0,0

2015-01-27 12:33:26, START,570,0,PC,0,0,0,0,0,0,0,0,0,0

2015-01-27 12:34:02, STOP,570,0,PC,0,0,0,0,0,0,35360.0,0,0,0

2015-01-27 12:34:04, START,570,60,60556100,0,2,0,0,0,0,0,0,0,0

2015-01-27 12:45:21, STOP,570,60,60556100,0,2,0,0,0,0,35360.0,17376.0,676.6,0

2015-01-27 12:45:31, START,570,0,PC,0,0,0,0,0,0,0,0,0,0

2015-01-27 12:46:06, STOP,570,0,PC,0,0,0,0,0,0,35392.0,0,0,0

2015-01-27 12:46:08, START,570,60,60556100,0,2,0,0,0,0,0,0,0,0

2015-01-27 12:57:28, STOP,570,60,60556100,0,2,0,0,0,0,35392.0,17328.0,678.9,0

2015-01-27 12:57:38, START,570,0,PC,0,0,0,0,0,0,0,0,0,0

2015-01-27 12:58:13, STOP,570,0,PC,0,0,0,0,0,0,35472.0,0,0,0

2015-01-27 12:58:15, START,570,60,60556100,0,2,0,0,0,0,0,0,0,0

2015-01-27 13:09:34, STOP,570,60,60556100,0,2,0,0,0,0,35472.0,17264.0,678.6,0

2015-01-27 13:09:44, START,570,0,PC,0,0,0,0,0,0,0,0,0,0

2015-01-27 13:10:20, STOP,570,0,PC,0,0,0,0,0,0,35248.0,0,0,0

2015-01-27 13:10:22, START,570,60,60556100,0,2,0,0,0,0,0,0,0,0

2015-01-27 13:21:40, STOP,570,60,60556100,0,2,0,0,0,0,35248.0,17216.0,678.6,0

2015-01-27 13:21:50, START,570,0,PC,0,0,0,0,0,0,0,0,0,0

2015-01-27 13:22:26, STOP,570,0,PC,0,0,0,0,0,0,35536.0,0,0,0

2015-01-27 13:22:28, START,570,60,60556100,0,2,0,0,0,0,0,0,0,0

2015-01-27 13:33:47, STOP,570,60,60556100,0,2,0,0,0,0,35536.0,17232.0,678.7,0

2015-01-27 13:33:57, START,570,0,PC,0,0,0,0,0,0,0,0,0,0

2015-01-27 13:34:33, STOP,570,0,PC,0,0,0,0,0,0,35392.0,0,0,0

2015-01-27 13:34:35, START,570,60,60556100,0,2,0,0,0,0,0,0,0,0

2015-01-27 13:45:54, STOP,570,60,60556100,0,2,0,0,0,0,35392.0,17200.0,679.0,0

2015-01-27 13:47:57, START,570,0,PC,0,0,0,0,0,0,0,0,0,0

2015-01-27 13:48:33, STOP,570,0,PC,0,0,0,0,0,0,35808.0,0,0,0

2015-01-27 13:48:35, START,570,60,60556100,0,2,0,0,0,0,0,0,0,0

2015-01-27 13:59:53, STOP,570,60,60556100,0,2,0,0,0,0,35808.0,17168.0,678.1,0

2015-01-27 14:00:03, START,570,0,PC,0,0,0,0,0,0,0,0,0,0

2015-01-27 14:00:39, STOP,570,0,PC,0,0,0,0,0,0,35360.0,0,0,0

2015-01-27 14:00:41, START,570,60,60556100,0,2,0,0,0,0,0,0,0,0

2015-01-27 14:11:59, STOP,570,60,60556100,0,2,0,0,0,0,35360.0,17216.0,677.5,0

2015-01-27 14:24:59, START,570,0,PC,0,0,0,0,0,0,0,0,0,0

2015-01-27 14:25:35, STOP,570,0,PC,0,0,0,0,0,0,36096.0,0,0,0

2015-01-27 14:25:37, START,570,60,60556100,0,2,0,0,0,0,0,0,0,0

2015-01-27 14:36:55, STOP,570,60,60556100,0,2,0,0,0,0,36096.0,17248.0,677.6,0

2015-01-27 14:37:05, START,570,0,PC,0,0,0,0,0,0,0,0,0,0

2015-01-27 14:37:41, STOP,570,0,PC,0,0,0,0,0,0,35424.0,0,0,0

2015-01-27 14:37:43, START,570,60,60556100,0,2,0,0,0,0,0,0,0,0

2015-01-27 14:49:02, STOP,570,60,60556100,0,2,0,0,0,0,35424.0,18416.0,678.9,0

2015-01-27 14:55:39, START,570,0,PC,0,0,0,0,0,0,0,0,0,0

2015-01-27 14:56:15, STOP,570,0,PC,0,0,0,0,0,0,35840.0,0,0,0

2015-01-27 14:56:17, START,570,60,60556100,0,2,0,0,0,0,0,0,0,0

2015-01-27 15:07:36, STOP,570,60,60556100,0,2,0,0,0,0,35840.0,17264.0,678.9,0

2015-01-27 15:07:46, START,570,0,PC,0,0,0,0,0,0,0,0,0,0

2015-01-27 15:08:22, STOP,570,0,PC,0,0,0,0,0,0,35536.0,0,0,0

2015-01-27 15:08:24, START,570,60,60556100,0,2,0,0,0,0,0,0,0,0

2015-01-27 15:19:43, STOP,570,60,60556100,0,2,0,0,0,0,35536.0,17264.0,678.3,0

2015-01-27 15:36:01, START,570,0,PC,0,0,0,0,0,0,0,0,0,0

2015-01-27 15:36:37, STOP,570,0,PC,0,0,0,0,0,0,36176.0,0,0,0

2015-01-27 15:44:49, START,570,0,PC,0,0,0,0,0,0,0,0,0,0

2015-01-27 15:45:25, STOP,570,0,PC,0,0,0,0,0,0,35584.0,0,0,0

2015-01-27 15:45:27, START,570,51,60556025,0,2,0,0,0,0,0,0,0,0

2015-01-27 15:58:16, STOP,570,51,60556025,0,2,0,0,0,0,35584.0,17456.0,768.7,0

2015-01-27 15:58:26, START,570,0,PC,0,0,0,0,0,0,0,0,0,0

2015-01-27 15:59:02, STOP,570,0,PC,0,0,0,0,0,0,36016.0,0,0,0

2015-01-27 15:59:04, START,570,51,60556025,0,2,0,0,0,0,0,0,0,0

2015-01-27 16:11:49, STOP,570,51,60556025,0,2,0,0,0,0,36016.0,17360.0,764.3,0

2015-01-27 16:11:59, START,570,0,PC,0,0,0,0,0,0,0,0,0,0

2015-01-27 16:12:35, STOP,570,0,PC,0,0,0,0,0,0,35840.0,0,0,0

2015-01-27 16:12:37, START,570,51,60556025,0,2,0,0,0,0,0,0,0,0

2015-01-27 16:25:21, STOP,570,51,60556025,0,2,0,0,0,0,35840.0,17216.0,764.1,0

2015-01-27 16:26:25, START,570,0,PC,0,0,0,0,0,0,0,0,0,0

2015-01-27 16:27:02, STOP,570,0,PC,0,0,0,0,0,0,35920.0,0,0,0

2015-01-27 16:27:04, START,570,51,60556025,0,2,0,0,0,0,0,0,0,0

2015-01-27 16:39:47, STOP,570,51,60556025,0,2,0,0,0,0,35920.0,17184.0,762.9,0

2015-01-27 16:39:57, START,570,0,PC,0,0,0,0,0,0,0,0,0,0

2015-01-27 16:40:33, STOP,570,0,PC,0,0,0,0,0,0,35632.0,0,0,0

2015-01-27 16:40:35, START,570,51,60556025,0,2,0,0,0,0,0,0,0,0

2015-01-27 16:53:19, STOP,570,51,60556025,0,2,0,0,0,0,35632.0,17296.0,763.9,0

2015-01-27 16:53:29, START,570,0,PC,0,0,0,0,0,0,0,0,0,0

2015-01-27 16:54:05, STOP,570,0,PC,0,0,0,0,0,0,35712.0,0,0,0

2015-01-27 16:54:07, START,570,51,60556025,0,2,0,0,0,0,0,0,0,0

2015-01-27 17:06:50, STOP,570,51,60556025,0,2,0,0,0,0,35712.0,17136.0,763.4,0

2015-01-27 17:07:00, START,570,0,PC,0,0,0,0,0,0,0,0,0,0

2015-01-27 17:07:36, STOP,570,0,PC,0,0,0,0,0,0,35504.0,0,0,0

2015-01-27 17:07:38, START,570,51,60556025,0,2,0,0,0,0,0,0,0,0

2015-01-27 17:20:22, STOP,570,51,60556025,0,2,0,0,0,0,35504.0,17152.0,763.9,0

2015-01-27 17:20:32, START,570,0,PC,0,0,0,0,0,0,0,0,0,0

2015-01-27 17:21:08, STOP,570,0,PC,0,0,0,0,0,0,35824.0,0,0,0

2015-01-27 17:21:10, START,570,51,60556025,0,2,0,0,0,0,0,0,0,0

2015-01-27 17:35:16, STOP,570,51,60556025,0,2,0,0,0,0,35824.0,17328.0,844.9,0

2015-01-27 17:35:26, START,570,0,PC,0,0,0,0,0,0,0,0,0,0

2015-01-27 17:36:02, STOP,570,0,PC,0,0,0,0,0,0,35728.0,0,0,0

2015-01-27 17:36:04, START,570,51,60556025,0,2,0,0,0,0,0,0,0,0

2015-01-27 17:48:48, STOP,570,51,60556025,0,2,0,0,0,0,35728.0,17360.0,763.9,0

2015-01-27 17:48:58, START,570,0,PC,0,0,0,0,0,0,0,0,0,0

2015-01-27 17:49:34, STOP,570,0,PC,0,0,0,0,0,0,35760.0,0,0,0

2015-01-27 17:49:36, START,570,51,60556025,0,2,0,0,0,0,0,0,0,0

2015-01-27 18:02:20, STOP,570,51,60556025,0,2,0,0,0,0,35760.0,17152.0,763.8,0

2015-01-27 18:02:30, START,570,0,PC,0,0,0,0,0,0,0,0,0,0

2015-01-27 18:03:06, STOP,570,0,PC,0,0,0,0,0,0,35872.0,0,0,0

2015-01-27 18:03:08, START,570,51,60556025,0,2,0,0,0,0,0,0,0,0

2015-01-27 18:15:53, STOP,570,51,60556025,0,2,0,0,0,0,35872.0,17216.0,764.4,0

2015-01-27 18:16:16, START,570,0,PC,0,0,0,0,0,0,0,0,0,0

2015-01-27 18:16:52, STOP,570,0,PC,0,0,0,0,0,0,35840.0,0,0,0

2015-01-27 18:16:54, START,570,51,60556025,0,2,0,0,0,0,0,0,0,0

2015-01-27 18:29:38, STOP,570,51,60556025,0,2,0,0,0,0,35840.0,17120.0,764.0,0

2015-01-27 18:29:48, START,570,0,PC,0,0,0,0,0,0,0,0,0,0

2015-01-27 18:30:24, STOP,570,0,PC,0,0,0,0,0,0,35856.0,0,0,0

2015-01-27 18:30:26, START,570,51,60556025,0,2,0,0,0,0,0,0,0,0

2015-01-27 18:43:11, STOP,570,51,60556025,0,2,0,0,0,0,35856.0,17120.0,764.4,0

2015-01-27 18:43:21, START,570,0,PC,0,0,0,0,0,0,0,0,0,0

2015-01-27 18:43:57, STOP,570,0,PC,0,0,0,0,0,0,36000.0,0,0,0

2015-01-27 18:43:59, START,570,51,60556025,0,2,0,0,0,0,0,0,0,0

2015-01-27 18:56:43, STOP,570,51,60556025,0,2,0,0,0,0,36000.0,17312.0,764.0,0

2015-01-27 18:56:53, START,570,0,PC,0,0,0,0,0,0,0,0,0,0

2015-01-27 18:57:29, STOP,570,0,PC,0,0,0,0,0,0,35552.0,0,0,0

2015-01-27 18:57:31, START,570,51,60556025,0,2,0,0,0,0,0,0,0,0

2015-01-27 19:11:57, STOP,570,51,60556025,0,2,0,0,0,0,35552.0,17312.0,765.4,0

2015-01-27 19:16:18, START,570,0,PC,0,0,0,0,0,0,0,0,0,0

2015-01-27 19:16:54, STOP,570,0,PC,0,0,0,0,0,0,36272.0,0,0,0

2015-01-27 19:16:56, START,570,51,60556025,0,2,0,0,0,0,0,0,0,0

2015-01-27 19:29:41, STOP,570,51,60556025,0,2,0,0,0,0,36272.0,17168.0,764.0,0

2015-01-27 19:32:15, START,570,0,PC,0,0,0,0,0,0,0,0,0,0

2015-01-27 19:32:59, STOP,570,0,PC,0,0,0,0,0,0,40224.0,0,0,0

2015-01-27 19:33:05, START,570,62,60556110,0,2,0,0,0,0,0,0,0,0

2015-01-27 19:44:23, STOP,570,62,60556110,0,2,0,0,0,0,40224.0,17200.0,678.1,0

2015-01-27 19:44:33, START,570,0,PC,0,0,0,0,0,0,0,0,0,0

2015-01-27 19:45:15, STOP,570,0,PC,0,0,0,0,0,0,39312.0,0,0,0

2015-01-27 19:45:22, START,570,62,60556110,0,2,0,0,0,0,0,0,0,0

2015-01-27 19:56:41, STOP,570,62,60556110,0,2,0,0,0,0,39312.0,17504.0,678.8,0

2015-01-27 19:56:51, START,570,0,PC,0,0,0,0,0,0,0,0,0,0

2015-01-27 19:57:27, STOP,570,0,PC,0,0,0,0,0,0,35648.0,0,0,0

2015-01-27 19:57:29, START,570,62,60556110,0,2,0,0,0,0,0,0,0,0

2015-01-27 20:08:48, STOP,570,62,60556110,0,2,0,0,0,0,35648.0,17296.0,678.5,0

2015-01-27 20:08:58, START,570,0,PC,0,0,0,0,0,0,0,0,0,0

2015-01-27 20:09:34, STOP,570,0,PC,0,0,0,0,0,0,35872.0,0,0,0

2015-01-27 20:09:36, START,570,62,60556110,0,2,0,0,0,0,0,0,0,0

2015-01-27 20:20:54, STOP,570,62,60556110,0,2,0,0,0,0,35872.0,17424.0,677.7,0

2015-01-27 20:21:04, START,570,0,PC,0,0,0,0,0,0,0,0,0,0

2015-01-27 20:21:40, STOP,570,0,PC,0,0,0,0,0,0,35680.0,0,0,0

2015-01-27 20:21:42, START,570,62,60556110,0,2,0,0,0,0,0,0,0,0

2015-01-27 20:33:00, STOP,570,62,60556110,0,2,0,0,0,0,35680.0,17344.0,678.1,0

2015-01-27 20:33:47, START,570,0,PC,0,0,0,0,0,0,0,0,0,0

2015-01-27 20:34:24, STOP,570,0,PC,0,0,0,0,0,0,35936.0,0,0,0

2015-01-27 20:34:26, START,570,62,60556110,0,2,0,0,0,0,0,0,0,0

2015-01-27 20:45:43, STOP,570,62,60556110,0,2,0,0,0,0,35936.0,17328.0,677.6,0

2015-01-27 20:46:18, START,570,0,PC,0,0,0,0,0,0,0,0,0,0

2015-01-27 20:46:54, STOP,570,0,PC,0,0,0,0,0,0,35392.0,0,0,0

2015-01-27 20:46:56, START,570,62,60556110,0,2,0,0,0,0,0,0,0,0

2015-01-27 20:58:15, STOP,570,62,60556110,0,2,0,0,0,0,35392.0,17072.0,678.6,0

2015-01-27 20:58:25, START,570,0,PC,0,0,0,0,0,0,0,0,0,0

2015-01-27 20:59:01, STOP,570,0,PC,0,0,0,0,0,0,35840.0,0,0,0

2015-01-27 20:59:03, START,570,62,60556110,0,2,0,0,0,0,0,0,0,0

2015-01-27 21:10:21, STOP,570,62,60556110,0,2,0,0,0,0,35840.0,17232.0,677.7,0

2015-01-27 21:10:30, START,570,0,PC,0,0,0,0,0,0,0,0,0,0

2015-01-27 21:11:06, STOP,570,0,PC,0,0,0,0,0,0,35664.0,0,0,0

2015-01-27 21:11:08, START,570,62,60556110,0,2,0,0,0,0,0,0,0,0

2015-01-27 21:22:27, STOP,570,62,60556110,0,2,0,0,0,0,35664.0,17248.0,678.3,0

2015-01-27 21:22:37, START,570,0,PC,0,0,0,0,0,0,0,0,0,0

2015-01-27 21:23:14, STOP,570,0,PC,0,0,0,0,0,0,36208.0,0,0,0

2015-01-27 21:23:16, START,570,62,60556110,0,2,0,0,0,0,0,0,0,0

2015-01-27 21:34:34, STOP,570,62,60556110,0,2,0,0,0,0,36208.0,17056.0,678.7,0

2015-01-27 21:34:44, START,570,0,PC,0,0,0,0,0,0,0,0,0,0

2015-01-27 21:35:20, STOP,570,0,PC,0,0,0,0,0,0,35472.0,0,0,0

2015-01-27 21:35:22, START,570,62,60556110,0,2,0,0,0,0,0,0,0,0

2015-01-27 21:46:40, STOP,570,62,60556110,0,2,0,0,0,0,35472.0,17120.0,677.5,0

2015-01-27 21:46:50, START,570,0,PC,0,0,0,0,0,0,0,0,0,0

2015-01-27 21:47:27, STOP,570,0,PC,0,0,0,0,0,0,36224.0,0,0,0

2015-01-27 21:47:29, START,570,62,60556110,0,2,0,0,0,0,0,0,0,0

2015-01-27 21:58:47, STOP,570,62,60556110,0,2,0,0,0,0,36224.0,17424.0,678.7,0

2015-01-27 21:58:57, START,570,0,PC,0,0,0,0,0,0,0,0,0,0

2015-01-27 21:59:34, STOP,570,0,PC,0,0,0,0,0,0,35856.0,0,0,0

2015-01-27 21:59:36, START,570,62,60556110,0,2,0,0,0,0,0,0,0,0

2015-01-27 22:10:54, STOP,570,62,60556110,0,2,0,0,0,0,35856.0,17216.0,677.9,0

2015-01-27 22:11:04, START,570,0,PC,0,0,0,0,0,0,0,0,0,0

2015-01-27 22:11:40, STOP,570,0,PC,0,0,0,0,0,0,36192.0,0,0,0

2015-01-27 22:11:42, START,570,62,60556110,0,2,0,0,0,0,0,0,0,0

2015-01-27 22:25:35, STOP,570,62,60556110,0,2,0,0,0,0,36192.0,17248.0,832.3,0

2015-01-27 22:25:45, START,570,0,PC,0,0,0,0,0,0,0,0,0,0

2015-01-27 22:26:21, STOP,570,0,PC,0,0,0,0,0,0,35680.0,0,0,0

2015-01-27 22:26:23, START,570,62,60556110,0,2,0,0,0,0,0,0,0,0

2015-01-27 22:37:42, STOP,570,62,60556110,0,2,0,0,0,0,35680.0,17168.0,678.8,0

2015-01-27 23:37:54, START,570,0,PC,0,0,0,0,0,0,0,0,0,0

2015-01-27 23:38:31, STOP,570,0,PC,0,0,0,0,0,0,36624.0,0,0,0

2015-01-27 23:38:33, START,570,62,60556110,0,2,0,0,0,0,0,0,0,0

2015-01-27 23:50:17, STOP,570,62,60556110,0,2,0,0,0,0,36624.0,17376.0,703.5,0

2015-01-27 23:50:27, START,570,0,PC,0,0,0,0,0,0,0,0,0,0

2015-01-27 23:51:03, STOP,570,0,PC,0,0,0,0,0,0,35664.0,0,0,0

2015-01-27 23:51:05, START,570,62,60556110,0,2,0,0,0,0,0,0,0,0

2015-01-28 00:02:23, STOP,570,62,60556110,0,2,0,0,0,0,35664.0,17280.0,678.2,0

2015-01-28 00:02:33, START,570,0,PC,0,0,0,0,0,0,0,0,0,0

2015-01-28 00:03:10, STOP,570,0,PC,0,0,0,0,0,0,36288.0,0,0,0

2015-01-28 00:03:12, START,570,62,60556110,0,2,0,0,0,0,0,0,0,0

2015-01-28 00:14:31, STOP,570,62,60556110,0,2,0,0,0,0,36288.0,17408.0,678.9,0

2015-01-28 00:14:41, START,570,0,PC,0,0,0,0,0,0,0,0,0,0

2015-01-28 00:15:17, STOP,570,0,PC,0,0,0,0,0,0,35792.0,0,0,0

2015-01-28 00:15:19, START,570,62,60556110,0,2,0,0,0,0,0,0,0,0

2015-01-28 00:26:37, STOP,570,62,60556110,0,2,0,0,0,0,35792.0,17296.0,677.3,0

2015-01-28 00:26:47, START,570,0,PC,0,0,0,0,0,0,0,0,0,0

2015-01-28 00:27:23, STOP,570,0,PC,0,0,0,0,0,0,36128.0,0,0,0

2015-01-28 00:27:25, START,570,62,60556110,0,2,0,0,0,0,0,0,0,0

2015-01-28 00:38:43, STOP,570,62,60556110,0,2,0,0,0,0,36128.0,17392.0,677.8,0

2015-01-28 00:38:53, START,570,0,PC,0,0,0,0,0,0,0,0,0,0

2015-01-28 00:39:29, STOP,570,0,PC,0,0,0,0,0,0,35840.0,0,0,0

2015-01-28 00:39:31, START,570,53,60556035,0,2,0,0,0,0,0,0,0,0

2015-01-28 00:50:47, STOP,570,53,60556035,0,2,0,0,0,0,35840.0,17280.0,675.7,0

2015-01-28 00:50:57, START,570,0,PC,0,0,0,0,0,0,0,0,0,0

2015-01-28 00:51:34, STOP,570,0,PC,0,0,0,0,0,0,36336.0,0,0,0

2015-01-28 00:51:36, START,570,53,60556035,0,2,0,0,0,0,0,0,0,0

2015-01-28 01:03:07, STOP,570,53,60556035,0,2,0,0,0,0,36336.0,17104.0,691.1,0

2015-01-28 01:03:17, START,570,0,PC,0,0,0,0,0,0,0,0,0,0

2015-01-28 01:03:53, STOP,570,0,PC,0,0,0,0,0,0,35568.0,0,0,0

2015-01-28 01:03:55, START,570,53,60556035,0,2,0,0,0,0,0,0,0,0

2015-01-28 01:16:09, STOP,570,53,60556035,0,2,0,0,0,0,35568.0,17376.0,734.1,0

2015-01-28 01:16:19, START,570,0,PC,0,0,0,0,0,0,0,0,0,0

2015-01-28 01:16:56, STOP,570,0,PC,0,0,0,0,0,0,36112.0,0,0,0

2015-01-28 01:16:58, START,570,53,60556035,0,2,0,0,0,0,0,0,0,0

2015-01-28 01:28:14, STOP,570,53,60556035,0,2,0,0,0,0,36112.0,17248.0,675.6,0

2015-01-28 01:28:24, START,570,0,PC,0,0,0,0,0,0,0,0,0,0

2015-01-28 01:29:00, STOP,570,0,PC,0,0,0,0,0,0,35664.0,0,0,0

2015-01-28 01:29:02, START,570,53,60556035,0,2,0,0,0,0,0,0,0,0

2015-01-28 01:40:17, STOP,570,53,60556035,0,2,0,0,0,0,35664.0,17152.0,675.5,0

2015-01-28 01:40:27, START,570,0,PC,0,0,0,0,0,0,0,0,0,0

2015-01-28 01:41:03, STOP,570,0,PC,0,0,0,0,0,0,35776.0,0,0,0

2015-01-28 01:41:05, START,570,53,60556035,0,2,0,0,0,0,0,0,0,0

2015-01-28 01:52:29, STOP,570,53,60556035,0,2,0,0,0,0,35776.0,17056.0,683.1,0

2015-01-28 01:52:39, START,570,0,PC,0,0,0,0,0,0,0,0,0,0

2015-01-28 01:53:14, STOP,570,0,PC,0,0,0,0,0,0,35408.0,0,0,0

2015-01-28 01:53:16, START,570,53,60556035,0,2,0,0,0,0,0,0,0,0

2015-01-28 02:04:33, STOP,570,53,60556035,0,2,0,0,0,0,35408.0,17392.0,676.9,0

2015-01-28 02:04:43, START,570,0,PC,0,0,0,0,0,0,0,0,0,0

2015-01-28 02:05:20, STOP,570,0,PC,0,0,0,0,0,0,35904.0,0,0,0

2015-01-28 02:05:22, START,570,53,60556035,0,2,0,0,0,0,0,0,0,0

2015-01-28 02:16:37, STOP,570,53,60556035,0,2,0,0,0,0,35904.0,17376.0,675.3,0

2015-01-28 02:16:47, START,570,0,PC,0,0,0,0,0,0,0,0,0,0

2015-01-28 02:17:23, STOP,570,0,PC,0,0,0,0,0,0,35648.0,0,0,0

2015-01-28 02:17:25, START,570,53,60556035,0,2,0,0,0,0,0,0,0,0

2015-01-28 02:28:41, STOP,570,53,60556035,0,2,0,0,0,0,35648.0,17232.0,675.8,0

2015-01-28 02:28:51, START,570,0,PC,0,0,0,0,0,0,0,0,0,0

2015-01-28 02:29:28, STOP,570,0,PC,0,0,0,0,0,0,35952.0,0,0,0

2015-01-28 02:29:30, START,570,53,60556035,0,2,0,0,0,0,0,0,0,0

2015-01-28 02:40:46, STOP,570,53,60556035,0,2,0,0,0,0,35952.0,17200.0,675.8,0

2015-01-28 02:40:56, START,570,0,PC,0,0,0,0,0,0,0,0,0,0

2015-01-28 02:41:31, STOP,570,0,PC,0,0,0,0,0,0,35440.0,0,0,0

2015-01-28 02:41:33, START,570,53,60556035,0,2,0,0,0,0,0,0,0,0

2015-01-28 02:52:49, STOP,570,53,60556035,0,2,0,0,0,0,35440.0,17296.0,675.7,0

2015-01-28 02:52:59, START,570,0,PC,0,0,0,0,0,0,0,0,0,0

2015-01-28 02:53:35, STOP,570,0,PC,0,0,0,0,0,0,35712.0,0,0,0

2015-01-28 02:53:37, START,570,53,60556035,0,2,0,0,0,0,0,0,0,0

2015-01-28 03:07:31, STOP,570,53,60556035,0,2,0,0,0,0,35712.0,17280.0,833.2,0

2015-01-28 03:07:41, START,570,0,PC,0,0,0,0,0,0,0,0,0,0

2015-01-28 03:08:17, STOP,570,0,PC,0,0,0,0,0,0,35920.0,0,0,0

2015-01-28 03:08:19, START,570,54,60556040,0,2,0,0,0,0,0,0,0,0

2015-01-28 03:22:59, STOP,570,54,60556040,0,2,0,0,0,0,35920.0,17264.0,879.2,0

2015-01-28 03:35:12, START,570,0,PC,0,0,0,0,0,0,0,0,0,0

2015-01-28 03:35:49, STOP,570,0,PC,0,0,0,0,0,0,36528.0,0,0,0

2015-01-28 03:35:51, START,570,55,60556045,0,2,0,0,0,0,0,0,0,0

2015-01-28 03:47:16, STOP,570,55,60556045,0,2,0,0,0,0,36528.0,17328.0,685.2,0

2015-01-28 03:47:26, START,570,0,PC,0,0,0,0,0,0,0,0,0,0

2015-01-28 03:48:02, STOP,570,0,PC,0,0,0,0,0,0,35648.0,0,0,0

2015-01-28 03:48:04, START,570,55,60556045,0,2,0,0,0,0,0,0,0,0

2015-01-28 03:59:21, STOP,570,55,60556045,0,2,0,0,0,0,35648.0,17264.0,676.6,0

2015-01-28 03:59:31, START,570,0,PC,0,0,0,0,0,0,0,0,0,0

2015-01-28 04:00:07, STOP,570,0,PC,0,0,0,0,0,0,35728.0,0,0,0

2015-01-28 04:00:09, START,570,55,60556045,0,2,0,0,0,0,0,0,0,0

2015-01-28 04:11:27, STOP,570,55,60556045,0,2,0,0,0,0,35728.0,17200.0,677.4,0

2015-01-28 04:11:37, START,570,0,PC,0,0,0,0,0,0,0,0,0,0

2015-01-28 04:12:13, STOP,570,0,PC,0,0,0,0,0,0,35632.0,0,0,0

2015-01-28 04:12:15, START,570,54,60556040,0,2,0,0,0,0,0,0,0,0

2015-01-28 04:23:32, STOP,570,54,60556040,0,2,0,0,0,0,35632.0,17296.0,677.2,0

2015-01-28 04:23:42, START,570,0,PC,0,0,0,0,0,0,0,0,0,0

2015-01-28 04:24:18, STOP,570,0,PC,0,0,0,0,0,0,35840.0,0,0,0

2015-01-28 04:24:20, START,570,54,60556040,0,2,0,0,0,0,0,0,0,0

2015-01-28 04:35:38, STOP,570,54,60556040,0,2,0,0,0,0,35840.0,17312.0,677.3,0

2015-01-28 04:35:48, START,570,0,PC,0,0,0,0,0,0,0,0,0,0

2015-01-28 04:36:24, STOP,570,0,PC,0,0,0,0,0,0,35424.0,0,0,0

2015-01-28 04:36:26, START,570,54,60556040,0,2,0,0,0,0,0,0,0,0

2015-01-28 04:47:44, STOP,570,54,60556040,0,2,0,0,0,0,35424.0,17248.0,677.9,0

2015-01-28 04:47:54, START,570,0,PC,0,0,0,0,0,0,0,0,0,0

2015-01-28 04:48:30, STOP,570,0,PC,0,0,0,0,0,0,35952.0,0,0,0

2015-01-28 04:48:32, START,570,54,60556040,0,2,0,0,0,0,0,0,0,0

2015-01-28 04:59:49, STOP,570,54,60556040,0,2,0,0,0,0,35952.0,17296.0,677.0,0

2015-01-28 04:59:59, START,570,0,PC,0,0,0,0,0,0,0,0,0,0

2015-01-28 05:00:35, STOP,570,0,PC,0,0,0,0,0,0,35456.0,0,0,0

2015-01-28 05:00:37, START,570,54,60556040,0,2,0,0,0,0,0,0,0,0

2015-01-28 05:12:03, STOP,570,54,60556040,0,2,0,0,0,0,35456.0,17264.0,686.0,0

2015-01-28 05:12:13, START,570,0,PC,0,0,0,0,0,0,0,0,0,0

2015-01-28 05:13:03, STOP,570,0,PC,0,0,0,0,0,0,49104.0,0,0,0

2015-01-28 05:13:05, START,570,54,60556040,0,2,0,0,0,0,0,0,0,0

2015-01-28 05:24:22, STOP,570,54,60556040,0,2,0,0,0,0,49104.0,17552.0,677.3,0

2015-01-28 05:24:32, START,570,0,PC,0,0,0,0,0,0,0,0,0,0

2015-01-28 05:25:08, STOP,570,0,PC,0,0,0,0,0,0,35712.0,0,0,0

2015-01-28 05:25:10, START,570,54,60556040,0,2,0,0,0,0,0,0,0,0

2015-01-28 05:36:28, STOP,570,54,60556040,0,2,0,0,0,0,35712.0,17280.0,677.5,0

2015-01-28 05:36:38, START,570,0,PC,0,0,0,0,0,0,0,0,0,0

2015-01-28 05:37:14, STOP,570,0,PC,0,0,0,0,0,0,35632.0,0,0,0

2015-01-28 05:37:16, START,570,54,60556040,0,2,0,0,0,0,0,0,0,0

2015-01-28 05:48:34, STOP,570,54,60556040,0,2,0,0,0,0,35632.0,17360.0,677.8,0

2015-01-28 05:48:44, START,570,0,PC,0,0,0,0,0,0,0,0,0,0

2015-01-28 05:49:20, STOP,570,0,PC,0,0,0,0,0,0,35728.0,0,0,0

2015-01-28 05:49:22, START,570,54,60556040,0,2,0,0,0,0,0,0,0,0

2015-01-28 06:00:54, STOP,570,54,60556040,0,2,0,0,0,0,35728.0,23152.0,691.6,0

2015-01-28 06:01:04, START,570,0,PC,0,0,0,0,0,0,0,0,0,0

2015-01-28 06:01:40, STOP,570,0,PC,0,0,0,0,0,0,35888.0,0,0,0

2015-01-28 06:01:42, START,570,54,60556040,0,2,0,0,0,0,0,0,0,0

2015-01-28 06:13:00, STOP,570,54,60556040,0,2,0,0,0,0,35888.0,17296.0,677.9,0

2015-01-28 06:13:14, START,570,0,PC,0,0,0,0,0,0,0,0,0,0

2015-01-28 06:13:50, STOP,570,0,PC,0,0,0,0,0,0,35504.0,0,0,0

2015-01-28 06:13:52, START,570,54,60556040,0,2,0,0,0,0,0,0,0,0

2015-01-28 06:25:10, STOP,570,54,60556040,0,2,0,0,0,0,35504.0,17328.0,677.7,0

2015-01-28 06:25:20, START,570,0,PC,0,0,0,0,0,0,0,0,0,0

2015-01-28 06:27:03, STOP,570,0,PC,0,0,0,0,0,0,102864.0,0,0,0

2015-01-28 06:27:05, START,570,54,60556040,0,2,0,0,0,0,0,0,0,0

2015-01-28 06:38:24, STOP,570,54,60556040,0,2,0,0,0,0,102864.0,17296.0,678.4,0

2015-01-28 06:38:34, START,570,0,PC,0,0,0,0,0,0,0,0,0,0

2015-01-28 06:39:10, STOP,570,0,PC,0,0,0,0,0,0,35616.0,0,0,0

2015-01-28 06:39:12, START,570,54,60556040,0,2,0,0,0,0,0,0,0,0

2015-01-28 06:50:30, STOP,570,54,60556040,0,2,0,0,0,0,35616.0,17296.0,678.6,0

2015-01-28 06:53:26, START,570,0,PC,0,0,0,0,0,0,0,0,0,0

2015-01-28 06:54:03, STOP,570,0,PC,0,0,0,0,0,0,35984.0,0,0,0

2015-01-28 06:54:04, START,570,54,60556040,0,2,0,0,0,0,0,0,0,0

2015-01-28 07:05:24, STOP,570,54,60556040,0,2,0,0,0,0,35984.0,17344.0,679.0,0

2015-01-28 07:05:34, START,570,0,PC,0,0,0,0,0,0,0,0,0,0

2015-01-28 07:06:10, STOP,570,0,PC,0,0,0,0,0,0,35792.0,0,0,0

2015-01-28 07:06:12, START,570,54,60556040,0,2,0,0,0,0,0,0,0,0

2015-01-28 07:17:29, STOP,570,54,60556040,0,2,0,0,0,0,35792.0,17248.0,677.3,0

2015-01-28 07:17:39, START,570,0,PC,0,0,0,0,0,0,0,0,0,0

2015-01-28 07:18:16, STOP,570,0,PC,0,0,0,0,0,0,36032.0,0,0,0

2015-01-28 07:18:18, START,570,54,60556040,0,2,0,0,0,0,0,0,0,0

2015-01-28 07:29:35, STOP,570,54,60556040,0,2,0,0,0,0,36032.0,17328.0,677.2,0

2015-01-28 07:29:46, START,570,0,PC,0,0,0,0,0,0,0,0,0,0

2015-01-28 07:30:21, STOP,570,0,PC,0,0,0,0,0,0,35712.0,0,0,0

2015-01-28 07:30:23, START,570,54,60556040,0,2,0,0,0,0,0,0,0,0

2015-01-28 07:41:42, STOP,570,54,60556040,0,2,0,0,0,0,35712.0,17472.0,678.4,0

2015-01-28 07:41:52, START,570,0,PC,0,0,0,0,0,0,0,0,0,0

2015-01-28 07:42:28, STOP,570,0,PC,0,0,0,0,0,0,36096.0,0,0,0

2015-01-28 07:42:30, START,570,54,60556040,0,2,0,0,0,0,0,0,0,0

2015-01-28 07:53:48, STOP,570,54,60556040,0,2,0,0,0,0,36096.0,17312.0,677.7,0

2015-01-28 07:53:58, START,570,0,PC,0,0,0,0,0,0,0,0,0,0

2015-01-28 07:54:34, STOP,570,0,PC,0,0,0,0,0,0,35648.0,0,0,0

2015-01-28 07:54:36, START,570,54,60556040,0,2,0,0,0,0,0,0,0,0

2015-01-28 08:06:09, STOP,570,54,60556040,0,2,0,0,0,0,35648.0,17200.0,693.4,0

2015-01-28 08:06:19, START,570,0,PC,0,0,0,0,0,0,0,0,0,0

2015-01-28 08:06:56, STOP,570,0,PC,0,0,0,0,0,0,36144.0,0,0,0

2015-01-28 08:06:58, START,570,54,60556040,0,2,0,0,0,0,0,0,0,0

2015-01-28 08:18:17, STOP,570,54,60556040,0,2,0,0,0,0,36144.0,17280.0,678.8,0

2015-01-28 08:18:57, START,570,0,PC,0,0,0,0,0,0,0,0,0,0

2015-01-28 08:19:33, STOP,570,0,PC,0,0,0,0,0,0,35616.0,0,0,0

2015-01-28 08:19:35, START,570,54,60556040,0,2,0,0,0,0,0,0,0,0

2015-01-28 08:30:38, STOP,570,54,60556040,0,2,0,0,0,0,35616.0,17232.0,663.6,0

2015-01-28 08:48:37, START,570,0,PC,0,0,0,0,0,0,0,0,0,0

2015-01-28 08:49:14, STOP,570,0,PC,0,0,0,0,0,0,36704.0,0,0,0

2015-01-28 08:49:38, START,570,69,60556145,0,2,0,0,0,0,0,0,0,0

2015-01-28 09:03:13, STOP,570,69,60556145,0,2,0,0,0,0,36704.0,17200.0,774.2,0

2015-01-28 09:03:17, START,570,0,PC,0,0,0,0,0,0,0,0,0,0

2015-01-28 09:03:53, STOP,570,0,PC,0,0,0,0,0,0,35808.0,0,0,0

2015-01-28 09:03:55, START,570,54,60556040,0,2,0,0,0,0,0,0,0,0

2015-01-28 09:14:36, STOP,570,54,60556040,0,2,0,0,0,0,35808.0,17136.0,640.9,0

2015-01-28 09:15:02, START,570,0,PC,0,0,0,0,0,0,0,0,0,0

2015-01-28 09:15:38, STOP,570,0,PC,0,0,0,0,0,0,35984.0,0,0,0

2015-01-28 09:15:40, START,570,54,60556040,0,2,0,0,0,0,0,0,0,0

2015-01-28 09:26:58, STOP,570,54,60556040,0,2,0,0,0,0,35984.0,17296.0,677.8,0

2015-01-28 09:27:08, START,570,0,PC,0,0,0,0,0,0,0,0,0,0

2015-01-28 09:27:44, STOP,570,0,PC,0,0,0,0,0,0,35760.0,0,0,0

2015-01-28 09:27:46, START,570,54,60556040,0,2,0,0,0,0,0,0,0,0

2015-01-28 09:39:03, STOP,570,54,60556040,0,2,0,0,0,0,35760.0,17296.0,677.1,0

2015-01-28 09:39:13, START,570,0,PC,0,0,0,0,0,0,0,0,0,0

2015-01-28 09:39:50, STOP,570,0,PC,0,0,0,0,0,0,35744.0,0,0,0

2015-01-28 09:39:52, START,570,54,60556040,0,2,0,0,0,0,0,0,0,0

2015-01-28 09:51:09, STOP,570,54,60556040,0,2,0,0,0,0,35744.0,17296.0,677.8,0

2015-01-28 09:51:19, START,570,0,PC,0,0,0,0,0,0,0,0,0,0

2015-01-28 09:51:56, STOP,570,0,PC,0,0,0,0,0,0,35776.0,0,0,0

2015-01-28 09:51:58, START,570,54,60556040,0,2,0,0,0,0,0,0,0,0

2015-01-28 10:03:24, STOP,570,54,60556040,0,2,0,0,0,0,35776.0,17376.0,677.9,0

2015-01-28 10:03:34, START,570,0,PC,0,0,0,0,0,0,0,0,0,0

2015-01-28 10:04:10, STOP,570,0,PC,0,0,0,0,0,0,35744.0,0,0,0

2015-01-28 10:04:12, START,570,54,60556040,0,2,0,0,0,0,0,0,0,0

2015-01-28 10:15:31, STOP,570,54,60556040,0,2,0,0,0,0,35744.0,17504.0,678.9,0

2015-01-28 10:15:41, START,570,0,PC,0,0,0,0,0,0,0,0,0,0

2015-01-28 10:16:17, STOP,570,0,PC,0,0,0,0,0,0,35744.0,0,0,0

2015-01-28 10:16:19, START,570,54,60556040,0,2,0,0,0,0,0,0,0,0

2015-01-28 10:27:37, STOP,570,54,60556040,0,2,0,0,0,0,35744.0,17328.0,677.8,0

2015-01-28 10:27:47, START,570,0,PC,0,0,0,0,0,0,0,0,0,0

2015-01-28 10:28:35, STOP,570,0,PC,0,0,0,0,0,0,47488.0,0,0,0

2015-01-28 10:28:37, START,570,54,60556040,0,2,0,0,0,0,0,0,0,0

2015-01-28 10:39:56, STOP,570,54,60556040,0,2,0,0,0,0,47488.0,17184.0,678.5,0

2015-01-28 10:40:06, START,570,0,PC,0,0,0,0,0,0,0,0,0,0

2015-01-28 10:40:41, STOP,570,0,PC,0,0,0,0,0,0,35536.0,0,0,0

2015-01-28 10:40:43, START,570,54,60556040,0,2,0,0,0,0,0,0,0,0

2015-01-28 10:52:02, STOP,570,54,60556040,0,2,0,0,0,0,35536.0,17424.0,678.2,0

2015-01-28 10:52:12, START,570,0,PC,0,0,0,0,0,0,0,0,0,0

2015-01-29 12:22:29, STOP,570,64,60556120,0,2,0,0,0,0,35728.0,17200.0,639.5,0

2015-01-29 12:22:39, START,570,0,PC,0,0,0,0,0,0,0,0,0,0

2015-01-29 12:23:15, STOP,570,0,PC,0,0,0,0,0,0,35376.0,0,0,0

2015-01-29 12:23:17, START,570,64,60556120,0,2,0,0,0,0,0,0,0,0

2015-01-29 12:33:56, STOP,570,64,60556120,0,2,0,0,0,0,35376.0,17136.0,639.5,0

2015-01-29 12:34:06, START,570,0,PC,0,0,0,0,0,0,0,0,0,0

2015-01-29 12:34:42, STOP,570,0,PC,0,0,0,0,0,0,35456.0,0,0,0

2015-01-29 12:34:44, START,570,64,60556120,0,2,0,0,0,0,0,0,0,0

2015-01-29 12:45:24, STOP,570,64,60556120,0,2,0,0,0,0,35456.0,17280.0,639.8,0

2015-01-29 12:46:39, START,570,0,PC,0,0,0,0,0,0,0,0,0,0

2015-01-29 12:47:15, STOP,570,0,PC,0,0,0,0,0,0,35872.0,0,0,0

2015-01-29 12:47:17, START,570,64,60556120,0,2,0,0,0,0,0,0,0,0

2015-01-29 12:57:56, STOP,570,64,60556120,0,2,0,0,0,0,35872.0,17120.0,639.0,0

2015-01-29 12:58:06, START,570,0,PC,0,0,0,0,0,0,0,0,0,0

2015-01-29 12:58:42, STOP,570,0,PC,0,0,0,0,0,0,35664.0,0,0,0

2015-01-29 12:58:44, START,570,64,60556120,0,2,0,0,0,0,0,0,0,0

2015-01-29 13:20:17, START,570,64,60556120,0,2,0,0,0,0,0,0,0,0

2015-01-29 13:39:02, START,570,0,PC,0,0,0,0,0,0,0,0,0,0

2015-01-29 13:39:39, STOP,570,0,PC,0,0,0,0,0,0,36528.0,0,0,0

2015-01-29 13:50:23, START,570,0,PC,0,0,0,0,0,0,0,0,0,0

2015-01-29 13:50:59, STOP,570,0,PC,0,0,0,0,0,0,35488.0,0,0,0

2015-01-29 14:21:30, START,570,0,PC,0,0,0,0,0,0,0,0,0,0

2015-01-29 14:22:06, STOP,570,0,PC,0,0,0,0,0,0,35664.0,0,0,0

2015-01-29 14:22:08, START,570,64,60556120,0,2,0,0,0,0,0,0,0,0

2015-01-29 14:39:38, STOP,570,64,60556120,0,2,0,0,0,0,35664.0,17040.0,895.4,0

2015-01-29 14:39:48, START,570,0,PC,0,0,0,0,0,0,0,0,0,0

2015-01-29 14:40:24, STOP,570,0,PC,0,0,0,0,0,0,35328.0,0,0,0

2015-01-29 14:41:52, START,570,0,PC,0,0,0,0,0,0,0,0,0,0

2015-01-29 14:42:27, STOP,570,0,PC,0,0,0,0,0,0,34688.0,0,0,0

2015-01-29 14:42:29, START,570,64,60556120,0,2,0,0,0,0,0,0,0,0

2015-01-29 14:52:59, STOP,570,64,60556120,0,2,0,0,0,0,34688.0,17232.0,608.1,0

2015-01-29 14:55:59, START,570,0,PC,0,0,0,0,0,0,0,0,0,0

2015-01-29 14:56:35, STOP,570,0,PC,0,0,0,0,0,0,35600.0,0,0,0

2015-01-29 15:05:43, START,570,0,PC,0,0,0,0,0,0,0,0,0,0

2015-01-29 15:07:38, STOP,570,0,PC,0,0,0,0,0,0,114944.0,0,0,0

2015-01-29 15:07:41, START,570,64,60556120,0,2,0,0,0,0,0,0,0,0

2015-01-29 15:20:15, STOP,570,64,60556120,0,2,0,0,0,0,114944.0,17360.0,754.5,0

2015-01-29 15:32:30, START,570,0,PC,0,0,0,0,0,0,0,0,0,0

2015-01-29 15:33:06, STOP,570,0,PC,0,0,0,0,0,0,35664.0,0,0,0

2015-01-29 15:36:38, START,570,0,PC,0,0,0,0,0,0,0,0,0,0

2015-01-29 15:37:13, STOP,570,0,PC,0,0,0,0,0,0,34880.0,0,0,0

2015-01-29 15:37:15, START,570,64,60556120,0,2,0,0,0,0,0,0,0,0

2015-01-29 15:46:57, STOP,570,64,60556120,0,2,0,0,0,0,34880.0,17296.0,582.2,0

2015-01-29 15:47:20, START,570,0,PC,0,0,0,0,0,0,0,0,0,0

2015-01-29 15:47:55, STOP,570,0,PC,0,0,0,0,0,0,35216.0,0,0,0

2015-01-29 15:50:42, START,570,0,PC,0,0,0,0,0,0,0,0,0,0

2015-01-29 15:51:18, STOP,570,0,PC,0,0,0,0,0,0,35184.0,0,0,0

2015-01-29 15:51:20, START,570,64,60556120,0,2,0,0,0,0,0,0,0,0

2015-01-29 16:01:02, STOP,570,64,60556120,0,2,0,0,0,0,35184.0,17328.0,581.5,0

2015-01-29 16:01:12, START,570,0,PC,0,0,0,0,0,0,0,0,0,0

2015-01-29 16:01:47, STOP,570,0,PC,0,0,0,0,0,0,34928.0,0,0,0

2015-01-29 16:03:13, START,570,0,PC,0,0,0,0,0,0,0,0,0,0

2015-01-29 16:03:48, STOP,570,0,PC,0,0,0,0,0,0,34848.0,0,0,0

2015-01-29 16:03:50, START,570,61,60556105,0,2,0,0,0,0,0,0,0,0

2015-01-29 16:13:32, STOP,570,61,60556105,0,2,0,0,0,0,34848.0,17264.0,581.5,0

2015-01-29 16:13:42, START,570,0,PC,0,0,0,0,0,0,0,0,0,0

2015-01-29 16:14:17, STOP,570,0,PC,0,0,0,0,0,0,35216.0,0,0,0

2015-01-29 16:15:54, START,570,0,PC,0,0,0,0,0,0,0,0,0,0

2015-01-29 16:16:30, STOP,570,0,PC,0,0,0,0,0,0,35408.0,0,0,0

2015-01-29 16:16:32, START,570,61,60556105,0,2,0,0,0,0,0,0,0,0

2015-01-29 16:26:15, STOP,570,61,60556105,0,2,0,0,0,0,35408.0,17360.0,582.7,0

2015-01-29 16:26:58, START,570,0,PC,0,0,0,0,0,0,0,0,0,0

2015-01-29 16:27:34, STOP,570,0,PC,0,0,0,0,0,0,35216.0,0,0,0

2015-01-29 16:29:22, START,570,0,PC,0,0,0,0,0,0,0,0,0,0

2015-01-29 16:29:58, STOP,570,0,PC,0,0,0,0,0,0,35232.0,0,0,0

2015-01-29 16:30:00, START,570,61,60556105,0,2,0,0,0,0,0,0,0,0

2015-01-29 16:39:42, STOP,570,61,60556105,0,2,0,0,0,0,35232.0,17232.0,581.8,0

2015-01-29 16:40:55, START,570,0,PC,0,0,0,0,0,0,0,0,0,0

2015-01-29 16:41:31, STOP,570,0,PC,0,0,0,0,0,0,35024.0,0,0,0

2015-01-29 16:43:10, START,570,0,PC,0,0,0,0,0,0,0,0,0,0

2015-01-29 16:43:46, STOP,570,0,PC,0,0,0,0,0,0,34960.0,0,0,0

2015-01-29 16:43:48, START,570,61,60556105,0,2,0,0,0,0,0,0,0,0

2015-01-29 16:53:30, STOP,570,61,60556105,0,2,0,0,0,0,34960.0,17136.0,582.0,0

2015-01-29 16:53:40, START,570,0,PC,0,0,0,0,0,0,0,0,0,0

2015-01-29 16:54:15, STOP,570,0,PC,0,0,0,0,0,0,35104.0,0,0,0

2015-01-29 16:55:51, START,570,0,PC,0,0,0,0,0,0,0,0,0,0

2015-01-29 16:56:26, STOP,570,0,PC,0,0,0,0,0,0,34976.0,0,0,0

2015-01-29 16:56:28, START,570,61,60556105,0,2,0,0,0,0,0,0,0,0

2015-01-29 17:06:11, STOP,570,61,60556105,0,2,0,0,0,0,34976.0,17184.0,582.5,0

2015-01-29 17:06:30, START,570,0,PC,0,0,0,0,0,0,0,0,0,0

2015-01-29 17:07:05, STOP,570,0,PC,0,0,0,0,0,0,35136.0,0,0,0

2015-01-29 17:08:59, START,570,0,PC,0,0,0,0,0,0,0,0,0,0

2015-01-29 17:09:35, STOP,570,0,PC,0,0,0,0,0,0,34864.0,0,0,0

2015-01-29 17:09:37, START,570,61,60556105,0,2,0,0,0,0,0,0,0,0

2015-01-29 17:19:18, STOP,570,61,60556105,0,2,0,0,0,0,34864.0,17024.0,581.3,0

2015-01-29 17:19:28, START,570,0,PC,0,0,0,0,0,0,0,0,0,0

2015-01-29 17:20:04, STOP,570,0,PC,0,0,0,0,0,0,35184.0,0,0,0

2015-01-29 17:49:43, START,570,0,PC,0,0,0,0,0,0,0,0,0,0

2015-01-29 17:50:20, STOP,570,0,PC,0,0,0,0,0,0,35936.0,0,0,0

2015-01-29 17:50:22, START,570,61,60556105,0,2,0,0,0,0,0,0,0,0

2015-01-29 18:00:19, START,570,61,60556105,0,2,0,0,0,0,0,0,0,0

2015-01-29 18:09:53, STOP,570,61,60556105,0,2,0,0,0,0,35936.0,17232.0,574.3,0

2015-01-29 18:12:07, START,570,0,PC,0,0,0,0,0,0,0,0,0,0

2015-01-29 18:12:43, STOP,570,0,PC,0,0,0,0,0,0,35264.0,0,0,0

2015-01-29 18:14:46, START,570,0,PC,0,0,0,0,0,0,0,0,0,0

2015-01-29 18:15:22, STOP,570,0,PC,0,0,0,0,0,0,35136.0,0,0,0

2015-01-29 18:15:24, START,570,61,60556105,0,2,0,0,0,0,0,0,0,0

2015-01-29 18:25:06, STOP,570,61,60556105,0,2,0,0,0,0,35136.0,17216.0,581.9,0

2015-01-29 18:25:16, START,570,0,PC,0,0,0,0,0,0,0,0,0,0

2015-01-29 18:25:52, STOP,570,0,PC,0,0,0,0,0,0,35600.0,0,0,0

2015-01-29 18:27:19, START,570,0,PC,0,0,0,0,0,0,0,0,0,0

2015-01-29 18:27:54, STOP,570,0,PC,0,0,0,0,0,0,34928.0,0,0,0

2015-01-29 18:27:56, START,570,61,60556105,0,2,0,0,0,0,0,0,0,0

2015-01-29 18:37:39, STOP,570,61,60556105,0,2,0,0,0,0,34928.0,17104.0,582.8,0

2015-01-29 18:37:49, START,570,0,PC,0,0,0,0,0,0,0,0,0,0

2015-01-29 18:38:25, STOP,570,0,PC,0,0,0,0,0,0,35216.0,0,0,0

2015-01-29 18:39:55, START,570,0,PC,0,0,0,0,0,0,0,0,0,0

2015-01-29 18:40:30, STOP,570,0,PC,0,0,0,0,0,0,34752.0,0,0,0

2015-01-29 18:40:32, START,570,463,60556115,22,2,0,0,0,0,0,0,0,0

2015-01-29 18:50:22, STOP,570,463,60556115,22,2,0,0,0,0,34752.0,17200.0,589.4,0

2015-01-29 18:50:50, START,570,0,PC,0,0,0,0,0,0,0,0,0,0

2015-01-29 18:51:26, STOP,570,0,PC,0,0,0,0,0,0,34944.0,0,0,0

2015-01-29 18:52:52, START,570,0,PC,0,0,0,0,0,0,0,0,0,0

2015-01-29 18:53:27, STOP,570,0,PC,0,0,0,0,0,0,35184.0,0,0,0

2015-01-29 18:53:29, START,570,463,60556115,22,2,0,0,0,0,0,0,0,0

2015-01-29 19:03:19, STOP,570,463,60556115,22,2,0,0,0,0,35184.0,17360.0,589.2,0

2015-01-29 19:03:52, START,570,0,PC,0,0,0,0,0,0,0,0,0,0

2015-01-29 19:04:27, STOP,570,0,PC,0,0,0,0,0,0,34992.0,0,0,0

2015-01-29 19:06:11, START,570,0,PC,0,0,0,0,0,0,0,0,0,0

2015-01-29 19:06:47, STOP,570,0,PC,0,0,0,0,0,0,35104.0,0,0,0

2015-01-29 19:06:49, START,570,463,60556115,22,2,0,0,0,0,0,0,0,0

2015-01-29 19:16:40, STOP,570,463,60556115,22,2,0,0,0,0,35104.0,17120.0,590.7,0

2015-01-29 19:18:47, START,570,0,PC,0,0,0,0,0,0,0,0,0,0

2015-01-29 19:19:23, STOP,570,0,PC,0,0,0,0,0,0,35136.0,0,0,0

2015-01-29 19:21:12, START,570,0,PC,0,0,0,0,0,0,0,0,0,0

2015-01-29 19:21:47, STOP,570,0,PC,0,0,0,0,0,0,35072.0,0,0,0

2015-01-29 19:21:49, START,570,463,60556115,22,2,0,0,0,0,0,0,0,0

2015-01-29 19:31:39, STOP,570,463,60556115,22,2,0,0,0,0,35072.0,17152.0,589.8,0

2015-01-29 20:00:30, START,570,0,PC,0,0,0,0,0,0,0,0,0,0

2015-01-29 20:01:06, STOP,570,0,PC,0,0,0,0,0,0,35904.0,0,0,0

2015-01-29 20:02:47, START,570,0,PC,0,0,0,0,0,0,0,0,0,0

2015-01-29 20:03:22, STOP,570,0,PC,0,0,0,0,0,0,35168.0,0,0,0

2015-01-29 20:03:24, START,570,463,60556115,22,2,0,0,0,0,0,0,0,0

2015-01-29 20:13:14, STOP,570,463,60556115,22,2,0,0,0,0,35168.0,17296.0,590.0,0

2015-01-29 20:13:24, START,570,0,PC,0,0,0,0,0,0,0,0,0,0

2015-01-29 20:14:00, STOP,570,0,PC,0,0,0,0,0,0,35232.0,0,0,0

2015-01-29 20:15:28, START,570,0,PC,0,0,0,0,0,0,0,0,0,0

2015-01-29 20:16:03, STOP,570,0,PC,0,0,0,0,0,0,34864.0,0,0,0

2015-01-29 20:16:05, START,570,463,60556115,22,2,0,0,0,0,0,0,0,0

2015-01-29 20:25:56, STOP,570,463,60556115,22,2,0,0,0,0,34864.0,17232.0,591.0,0

2015-01-29 20:26:37, START,570,0,PC,0,0,0,0,0,0,0,0,0,0

2015-01-29 20:27:13, STOP,570,0,PC,0,0,0,0,0,0,35088.0,0,0,0

2015-01-29 20:28:54, START,570,0,PC,0,0,0,0,0,0,0,0,0,0

2015-01-29 20:29:30, STOP,570,0,PC,0,0,0,0,0,0,35104.0,0,0,0

2015-01-29 20:29:32, START,570,463,60556115,22,2,0,0,0,0,0,0,0,0

2015-01-29 20:39:23, STOP,570,463,60556115,22,2,0,0,0,0,35104.0,17376.0,591.0,0

2015-01-29 20:39:33, START,570,0,PC,0,0,0,0,0,0,0,0,0,0

2015-01-29 20:40:08, STOP,570,0,PC,0,0,0,0,0,0,35056.0,0,0,0

2015-01-29 20:41:29, START,570,0,PC,0,0,0,0,0,0,0,0,0,0

2015-01-29 20:42:05, STOP,570,0,PC,0,0,0,0,0,0,35296.0,0,0,0

2015-01-29 20:42:07, START,570,463,60556115,22,2,0,0,0,0,0,0,0,0

2015-01-29 20:51:58, STOP,570,463,60556115,22,2,0,0,0,0,35296.0,17280.0,591.0,0

2015-01-29 20:52:08, START,570,0,PC,0,0,0,0,0,0,0,0,0,0

2015-01-29 20:52:43, STOP,570,0,PC,0,0,0,0,0,0,35184.0,0,0,0

2015-01-29 20:55:04, START,570,0,PC,0,0,0,0,0,0,0,0,0,0

2015-01-29 20:55:39, STOP,570,0,PC,0,0,0,0,0,0,35280.0,0,0,0

2015-01-29 20:55:41, START,570,463,60556115,22,2,0,0,0,0,0,0,0,0

2015-01-29 21:05:31, STOP,570,463,60556115,22,2,0,0,0,0,35280.0,17264.0,589.5,0

2015-01-29 21:05:41, START,570,0,PC,0,0,0,0,0,0,0,0,0,0

2015-01-29 21:06:17, STOP,570,0,PC,0,0,0,0,0,0,35296.0,0,0,0

2015-01-29 21:07:43, START,570,0,PC,0,0,0,0,0,0,0,0,0,0

2015-01-29 21:08:18, STOP,570,0,PC,0,0,0,0,0,0,34848.0,0,0,0

2015-01-29 21:08:20, START,570,463,60556115,22,2,0,0,0,0,0,0,0,0

2015-01-29 21:18:10, STOP,570,463,60556115,22,2,0,0,0,0,34848.0,17312.0,590.1,0

2015-01-29 21:18:36, START,570,0,PC,0,0,0,0,0,0,0,0,0,0

2015-01-29 21:19:12, STOP,570,0,PC,0,0,0,0,0,0,35232.0,0,0,0

2015-01-29 21:20:51, START,570,0,PC,0,0,0,0,0,0,0,0,0,0

2015-01-29 21:21:27, STOP,570,0,PC,0,0,0,0,0,0,34992.0,0,0,0

2015-01-29 21:21:29, START,570,463,60556115,22,2,0,0,0,0,0,0,0,0

2015-01-29 21:31:19, STOP,570,463,60556115,22,2,0,0,0,0,34992.0,17232.0,589.9,0

2015-01-29 21:31:29, START,570,0,PC,0,0,0,0,0,0,0,0,0,0

2015-01-29 21:32:04, STOP,570,0,PC,0,0,0,0,0,0,34976.0,0,0,0

2015-01-29 21:42:20, START,570,0,PC,0,0,0,0,0,0,0,0,0,0

2015-01-29 21:42:56, STOP,570,0,PC,0,0,0,0,0,0,35536.0,0,0,0

2015-01-29 21:42:58, START,570,463,60556115,22,2,0,0,0,0,0,0,0,0

2015-01-29 21:52:48, STOP,570,463,60556115,22,2,0,0,0,0,35536.0,17248.0,589.4,0

2015-01-29 21:52:58, START,570,0,PC,0,0,0,0,0,0,0,0,0,0

2015-01-29 21:53:33, STOP,570,0,PC,0,0,0,0,0,0,35264.0,0,0,0

2015-01-29 21:54:54, START,570,0,PC,0,0,0,0,0,0,0,0,0,0

2015-01-29 21:55:29, STOP,570,0,PC,0,0,0,0,0,0,35072.0,0,0,0

2015-01-29 21:55:31, START,570,463,60556115,22,2,0,0,0,0,0,0,0,0

2015-01-29 22:07:35, STOP,570,463,60556115,22,2,0,0,0,0,35072.0,17296.0,724.1,0

2015-01-29 22:07:51, START,570,0,PC,0,0,0,0,0,0,0,0,0,0

2015-01-29 22:08:27, STOP,570,0,PC,0,0,0,0,0,0,35200.0,0,0,0

2015-01-29 22:10:01, START,570,0,PC,0,0,0,0,0,0,0,0,0,0

2015-01-29 22:10:36, STOP,570,0,PC,0,0,0,0,0,0,34912.0,0,0,0

2015-01-29 22:10:38, START,570,463,60556115,22,2,0,0,0,0,0,0,0,0

2015-01-29 22:20:28, STOP,570,463,60556115,22,2,0,0,0,0,34912.0,17264.0,589.9,0

2015-01-29 22:20:38, START,570,0,PC,0,0,0,0,0,0,0,0,0,0

2015-01-29 22:21:14, STOP,570,0,PC,0,0,0,0,0,0,35408.0,0,0,0

2015-01-29 22:22:49, START,570,0,PC,0,0,0,0,0,0,0,0,0,0

2015-01-29 22:23:24, STOP,570,0,PC,0,0,0,0,0,0,35344.0,0,0,0

2015-01-29 22:23:26, START,570,463,60556115,22,2,0,0,0,0,0,0,0,0

2015-01-29 22:33:52, STOP,570,463,60556115,22,2,0,0,0,0,35344.0,52544.0,625.3,0

2015-01-29 22:36:04, START,570,0,PC,0,0,0,0,0,0,0,0,0,0

2015-01-29 22:36:40, STOP,570,0,PC,0,0,0,0,0,0,35344.0,0,0,0

2015-01-29 23:42:34, START,570,0,PC,0,0,0,0,0,0,0,0,0,0

2015-01-29 23:43:11, STOP,570,0,PC,0,0,0,0,0,0,36176.0,0,0,0

2015-01-29 23:43:13, START,570,61,60556105,0,2,0,0,0,0,0,0,0,0

2015-01-29 23:55:51, STOP,570,61,60556105,0,2,0,0,0,0,36176.0,17360.0,758.0,0

2015-01-30 00:04:37, START,570,0,PC,0,0,0,0,0,0,0,0,0,0

2015-01-30 00:05:13, STOP,570,0,PC,0,0,0,0,0,0,35584.0,0,0,0

2015-01-30 00:05:15, START,570,61,60556105,0,2,0,0,0,0,0,0,0,0

2015-01-30 00:16:41, STOP,570,61,60556105,0,2,0,0,0,0,35584.0,17280.0,686.0,0

2015-01-30 00:16:51, START,570,0,PC,0,0,0,0,0,0,0,0,0,0

2015-01-30 00:17:27, STOP,570,0,PC,0,0,0,0,0,0,35376.0,0,0,0

2015-01-30 00:17:29, START,570,61,60556105,0,2,0,0,0,0,0,0,0,0

2015-01-30 00:28:46, STOP,570,61,60556105,0,2,0,0,0,0,35376.0,17248.0,677.4,0

2015-01-30 00:28:56, START,570,0,PC,0,0,0,0,0,0,0,0,0,0

2015-01-30 00:29:32, STOP,570,0,PC,0,0,0,0,0,0,35360.0,0,0,0

2015-01-30 00:29:34, START,570,61,60556105,0,2,0,0,0,0,0,0,0,0

2015-01-30 00:40:51, STOP,570,61,60556105,0,2,0,0,0,0,35360.0,17296.0,677.0,0

2015-01-30 00:41:01, START,570,0,PC,0,0,0,0,0,0,0,0,0,0

2015-01-30 00:41:37, STOP,570,0,PC,0,0,0,0,0,0,35376.0,0,0,0

2015-01-30 00:41:39, START,570,61,60556105,0,2,0,0,0,0,0,0,0,0

2015-01-30 00:52:55, STOP,570,61,60556105,0,2,0,0,0,0,35376.0,17376.0,676.6,0

2015-01-30 00:53:05, START,570,0,PC,0,0,0,0,0,0,0,0,0,0

2015-01-30 00:53:41, STOP,570,0,PC,0,0,0,0,0,0,35296.0,0,0,0

2015-01-30 00:53:43, START,570,61,60556105,0,2,0,0,0,0,0,0,0,0

2015-01-30 01:05:00, STOP,570,61,60556105,0,2,0,0,0,0,35296.0,17200.0,677.3,0

2015-01-30 01:05:10, START,570,0,PC,0,0,0,0,0,0,0,0,0,0

2015-01-30 01:05:46, STOP,570,0,PC,0,0,0,0,0,0,35520.0,0,0,0

2015-01-30 01:05:48, START,570,61,60556105,0,2,0,0,0,0,0,0,0,0

2015-01-30 01:17:05, STOP,570,61,60556105,0,2,0,0,0,0,35520.0,17280.0,676.9,0

2015-01-30 01:17:15, START,570,0,PC,0,0,0,0,0,0,0,0,0,0

2015-01-30 01:17:51, STOP,570,0,PC,0,0,0,0,0,0,35312.0,0,0,0

2015-01-30 01:17:53, START,570,61,60556105,0,2,0,0,0,0,0,0,0,0

2015-01-30 01:29:11, STOP,570,61,60556105,0,2,0,0,0,0,35312.0,17376.0,677.9,0

2015-01-30 01:29:21, START,570,0,PC,0,0,0,0,0,0,0,0,0,0

2015-01-30 01:29:57, STOP,570,0,PC,0,0,0,0,0,0,35776.0,0,0,0

2015-01-30 01:29:59, START,570,61,60556105,0,2,0,0,0,0,0,0,0,0

2015-01-30 01:41:16, STOP,570,61,60556105,0,2,0,0,0,0,35776.0,17088.0,676.9,0

2015-01-30 01:41:26, START,570,0,PC,0,0,0,0,0,0,0,0,0,0

2015-01-30 01:42:02, STOP,570,0,PC,0,0,0,0,0,0,35456.0,0,0,0

2015-01-30 01:42:04, START,570,63,60556115,0,2,0,0,0,0,0,0,0,0

2015-01-30 01:53:21, STOP,570,63,60556115,0,2,0,0,0,0,35456.0,17312.0,677.1,0

2015-01-30 01:53:31, START,570,0,PC,0,0,0,0,0,0,0,0,0,0

2015-01-30 01:54:07, STOP,570,0,PC,0,0,0,0,0,0,35648.0,0,0,0

2015-01-30 01:54:09, START,570,63,60556115,0,2,0,0,0,0,0,0,0,0

2015-01-30 02:05:26, STOP,570,63,60556115,0,2,0,0,0,0,35648.0,17152.0,676.4,0

2015-01-30 02:05:36, START,570,0,PC,0,0,0,0,0,0,0,0,0,0

2015-01-30 02:06:12, STOP,570,0,PC,0,0,0,0,0,0,35280.0,0,0,0

2015-01-30 02:06:14, START,570,63,60556115,0,2,0,0,0,0,0,0,0,0

2015-01-30 02:17:30, STOP,570,63,60556115,0,2,0,0,0,0,35280.0,17200.0,676.5,0

2015-01-30 02:17:40, START,570,0,PC,0,0,0,0,0,0,0,0,0,0

2015-01-30 02:18:17, STOP,570,0,PC,0,0,0,0,0,0,35792.0,0,0,0

2015-01-30 02:18:19, START,570,63,60556115,0,2,0,0,0,0,0,0,0,0

2015-01-30 02:29:35, STOP,570,63,60556115,0,2,0,0,0,0,35792.0,17248.0,676.5,0

2015-01-30 02:29:58, START,570,0,PC,0,0,0,0,0,0,0,0,0,0

2015-01-30 02:30:33, STOP,570,0,PC,0,0,0,0,0,0,35232.0,0,0,0

2015-01-30 02:30:35, START,570,63,60556115,0,2,0,0,0,0,0,0,0,0

2015-01-30 02:41:52, STOP,570,63,60556115,0,2,0,0,0,0,35232.0,17328.0,676.6,0

2015-01-30 02:42:02, START,570,0,PC,0,0,0,0,0,0,0,0,0,0

2015-01-30 02:42:38, STOP,570,0,PC,0,0,0,0,0,0,35744.0,0,0,0

2015-01-30 02:42:40, START,570,63,60556115,0,2,0,0,0,0,0,0,0,0

2015-01-30 02:53:58, STOP,570,63,60556115,0,2,0,0,0,0,35744.0,17232.0,677.6,0

2015-01-30 02:54:08, START,570,0,PC,0,0,0,0,0,0,0,0,0,0

2015-01-30 02:54:44, STOP,570,0,PC,0,0,0,0,0,0,35312.0,0,0,0

2015-01-30 02:54:46, START,570,63,60556115,0,2,0,0,0,0,0,0,0,0

2015-01-30 03:09:08, STOP,570,63,60556115,0,2,0,0,0,0,35312.0,17152.0,861.7,0

2015-01-30 03:09:18, START,570,0,PC,0,0,0,0,0,0,0,0,0,0

2015-01-30 03:09:55, STOP,570,0,PC,0,0,0,0,0,0,36432.0,0,0,0

2015-01-30 03:09:57, START,570,63,60556115,0,2,0,0,0,0,0,0,0,0

2015-01-30 03:24:36, STOP,570,63,60556115,0,2,0,0,0,0,36432.0,17200.0,879.5,0

2015-01-30 03:35:36, START,570,0,PC,0,0,0,0,0,0,0,0,0,0

2015-01-30 03:36:12, STOP,570,0,PC,0,0,0,0,0,0,35824.0,0,0,0

2015-01-30 03:36:14, START,570,63,60556115,0,2,0,0,0,0,0,0,0,0

2015-01-30 03:47:43, STOP,570,63,60556115,0,2,0,0,0,0,35824.0,17216.0,688.0,0

2015-01-30 03:47:53, START,570,0,PC,0,0,0,0,0,0,0,0,0,0

2015-01-30 03:48:28, STOP,570,0,PC,0,0,0,0,0,0,35568.0,0,0,0

2015-01-30 03:48:30, START,570,63,60556115,0,2,0,0,0,0,0,0,0,0

2015-01-30 03:59:47, STOP,570,63,60556115,0,2,0,0,0,0,35568.0,17280.0,676.3,0

2015-01-30 03:59:57, START,570,0,PC,0,0,0,0,0,0,0,0,0,0

2015-01-30 04:00:33, STOP,570,0,PC,0,0,0,0,0,0,35376.0,0,0,0

2015-01-30 04:00:35, START,570,63,60556115,0,2,0,0,0,0,0,0,0,0

2015-01-30 04:12:18, STOP,570,63,60556115,0,2,0,0,0,0,35376.0,17312.0,702.9,0

2015-01-30 04:12:28, START,570,0,PC,0,0,0,0,0,0,0,0,0,0

2015-01-30 04:13:04, STOP,570,0,PC,0,0,0,0,0,0,35712.0,0,0,0

2015-01-30 04:13:06, START,570,63,60556115,0,2,0,0,0,0,0,0,0,0

2015-01-30 04:24:23, STOP,570,63,60556115,0,2,0,0,0,0,35712.0,17520.0,677.3,0

2015-01-30 04:24:33, START,570,0,PC,0,0,0,0,0,0,0,0,0,0

2015-01-30 04:25:09, STOP,570,0,PC,0,0,0,0,0,0,35360.0,0,0,0

2015-01-30 04:25:11, START,570,63,60556115,0,2,0,0,0,0,0,0,0,0

2015-01-30 04:36:28, STOP,570,63,60556115,0,2,0,0,0,0,35360.0,17296.0,677.5,0

2015-01-30 04:36:39, START,570,0,PC,0,0,0,0,0,0,0,0,0,0

2015-01-30 04:37:15, STOP,570,0,PC,0,0,0,0,0,0,35680.0,0,0,0

2015-01-30 04:37:17, START,570,63,60556115,0,2,0,0,0,0,0,0,0,0

2015-01-30 04:48:35, STOP,570,63,60556115,0,2,0,0,0,0,35680.0,17232.0,677.9,0

2015-01-30 04:48:45, START,570,0,PC,0,0,0,0,0,0,0,0,0,0

2015-01-30 04:49:20, STOP,570,0,PC,0,0,0,0,0,0,35424.0,0,0,0

2015-01-30 04:49:22, START,570,63,60556115,0,2,0,0,0,0,0,0,0,0

2015-01-30 05:00:40, STOP,570,63,60556115,0,2,0,0,0,0,35424.0,17024.0,677.1,0

2015-01-30 05:00:49, START,570,0,PC,0,0,0,0,0,0,0,0,0,0

2015-01-30 05:01:26, STOP,570,0,PC,0,0,0,0,0,0,35920.0,0,0,0

2015-01-30 05:01:28, START,570,63,60556115,0,2,0,0,0,0,0,0,0,0

2015-01-30 05:12:45, STOP,570,63,60556115,0,2,0,0,0,0,35920.0,17280.0,677.3,0

2015-01-30 05:16:05, START,570,0,PC,0,0,0,0,0,0,0,0,0,0

2015-01-30 05:16:41, STOP,570,0,PC,0,0,0,0,0,0,35664.0,0,0,0

2015-01-30 05:16:43, START,570,62,60556110,0,2,0,0,0,0,0,0,0,0

2015-01-30 05:28:01, STOP,570,62,60556110,0,2,0,0,0,0,35664.0,17280.0,677.8,0

2015-01-30 05:28:11, START,570,0,PC,0,0,0,0,0,0,0,0,0,0

2015-01-30 05:28:47, STOP,570,0,PC,0,0,0,0,0,0,35696.0,0,0,0

2015-01-30 05:28:49, START,570,62,60556110,0,2,0,0,0,0,0,0,0,0

2015-01-30 05:40:07, STOP,570,62,60556110,0,2,0,0,0,0,35696.0,17264.0,677.7,0

2015-01-30 05:40:17, START,570,0,PC,0,0,0,0,0,0,0,0,0,0

2015-01-30 05:40:52, STOP,570,0,PC,0,0,0,0,0,0,35344.0,0,0,0

2015-01-30 05:40:54, START,570,62,60556110,0,2,0,0,0,0,0,0,0,0

2015-01-30 05:52:13, STOP,570,62,60556110,0,2,0,0,0,0,35344.0,17328.0,678.8,0

2015-01-30 05:52:23, START,570,0,PC,0,0,0,0,0,0,0,0,0,0

2015-01-30 05:52:59, STOP,570,0,PC,0,0,0,0,0,0,35728.0,0,0,0

2015-01-30 05:53:01, START,570,62,60556110,0,2,0,0,0,0,0,0,0,0

2015-01-30 06:04:19, STOP,570,62,60556110,0,2,0,0,0,0,35728.0,17040.0,678.0,0

2015-01-30 06:04:29, START,570,0,PC,0,0,0,0,0,0,0,0,0,0

2015-01-30 06:05:05, STOP,570,0,PC,0,0,0,0,0,0,35440.0,0,0,0

2015-01-30 06:05:07, START,570,62,60556110,0,2,0,0,0,0,0,0,0,0

2015-01-30 06:16:25, STOP,570,62,60556110,0,2,0,0,0,0,35440.0,17264.0,677.3,0

2015-01-30 06:16:35, START,570,0,PC,0,0,0,0,0,0,0,0,0,0

2015-01-30 06:17:11, STOP,570,0,PC,0,0,0,0,0,0,35840.0,0,0,0

2015-01-30 06:17:13, START,570,62,60556110,0,2,0,0,0,0,0,0,0,0

2015-01-30 06:28:31, STOP,570,62,60556110,0,2,0,0,0,0,35840.0,17200.0,678.0,0

2015-01-30 06:30:41, START,570,0,PC,0,0,0,0,0,0,0,0,0,0

2015-01-30 06:31:17, STOP,570,0,PC,0,0,0,0,0,0,35472.0,0,0,0

2015-01-30 06:31:19, START,570,62,60556110,0,2,0,0,0,0,0,0,0,0

2015-01-30 06:42:37, STOP,570,62,60556110,0,2,0,0,0,0,35472.0,17152.0,677.9,0

2015-01-30 06:42:47, START,570,0,PC,0,0,0,0,0,0,0,0,0,0

2015-01-30 06:43:23, STOP,570,0,PC,0,0,0,0,0,0,35792.0,0,0,0

2015-01-30 06:43:25, START,570,62,60556110,0,2,0,0,0,0,0,0,0,0

2015-01-30 07:00:12, STOP,570,62,60556110,0,2,0,0,0,0,35792.0,17376.0,1006.9,0

2015-01-30 07:02:32, START,570,0,PC,0,0,0,0,0,0,0,0,0,0

2015-01-30 07:03:08, STOP,570,0,PC,0,0,0,0,0,0,35520.0,0,0,0

2015-01-30 07:03:10, START,570,465,60556125,22,2,0,0,0,0,0,0,0,0

2015-01-30 07:14:37, STOP,570,465,60556125,22,2,0,0,0,0,35520.0,17184.0,686.7,0

2015-01-30 07:16:37, START,570,0,PC,0,0,0,0,0,0,0,0,0,0

2015-01-30 07:17:13, STOP,570,0,PC,0,0,0,0,0,0,36176.0,0,0,0

2015-01-30 07:17:15, START,570,465,60556125,22,2,0,0,0,0,0,0,0,0

2015-01-30 07:28:43, STOP,570,465,60556125,22,2,0,0,0,0,36176.0,17280.0,687.3,0

2015-01-30 07:31:49, START,570,0,PC,0,0,0,0,0,0,0,0,0,0

2015-01-30 07:32:25, STOP,570,0,PC,0,0,0,0,0,0,35792.0,0,0,0

2015-01-30 07:32:27, START,570,465,60556125,22,2,0,0,0,0,0,0,0,0

2015-01-30 07:43:54, STOP,570,465,60556125,22,2,0,0,0,0,35792.0,17456.0,686.8,0

2015-01-30 07:44:04, START,570,0,PC,0,0,0,0,0,0,0,0,0,0

2015-01-30 07:44:40, STOP,570,0,PC,0,0,0,0,0,0,35888.0,0,0,0

2015-01-30 07:44:42, START,570,465,60556125,22,2,0,0,0,0,0,0,0,0

2015-01-30 07:56:09, STOP,570,465,60556125,22,2,0,0,0,0,35888.0,17440.0,686.9,0

2015-01-30 07:56:19, START,570,0,PC,0,0,0,0,0,0,0,0,0,0

2015-01-30 07:56:55, STOP,570,0,PC,0,0,0,0,0,0,35568.0,0,0,0

2015-01-30 07:56:57, START,570,465,60556125,22,2,0,0,0,0,0,0,0,0

2015-01-30 08:08:24, STOP,570,465,60556125,22,2,0,0,0,0,35568.0,17424.0,687.1,0

2015-01-30 08:08:34, START,570,0,PC,0,0,0,0,0,0,0,0,0,0

2015-01-30 08:09:10, STOP,570,0,PC,0,0,0,0,0,0,35536.0,0,0,0

2015-01-30 08:09:12, START,570,465,60556125,22,2,0,0,0,0,0,0,0,0

2015-01-30 08:20:39, STOP,570,465,60556125,22,2,0,0,0,0,35536.0,17312.0,687.0,0

2015-01-30 08:20:49, START,570,0,PC,0,0,0,0,0,0,0,0,0,0

2015-01-30 08:21:25, STOP,570,0,PC,0,0,0,0,0,0,35536.0,0,0,0

2015-01-30 08:21:27, START,570,465,60556125,22,2,0,0,0,0,0,0,0,0

2015-01-30 08:32:54, STOP,570,465,60556125,22,2,0,0,0,0,35536.0,17232.0,687.0,0

2015-01-30 08:33:04, START,570,0,PC,0,0,0,0,0,0,0,0,0,0

2015-01-30 08:33:40, STOP,570,0,PC,0,0,0,0,0,0,35232.0,0,0,0

2015-01-30 08:33:42, START,570,465,60556125,22,2,0,0,0,0,0,0,0,0

2015-01-30 08:45:09, STOP,570,465,60556125,22,2,0,0,0,0,35232.0,17168.0,686.8,0

2015-01-30 08:45:19, START,570,0,PC,0,0,0,0,0,0,0,0,0,0

2015-01-30 08:45:55, STOP,570,0,PC,0,0,0,0,0,0,35568.0,0,0,0

2015-01-30 08:45:57, START,570,465,60556125,22,2,0,0,0,0,0,0,0,0

2015-01-30 08:57:22, STOP,570,465,60556125,22,2,0,0,0,0,35568.0,17248.0,685.3,0

2015-01-30 08:57:32, START,570,0,PC,0,0,0,0,0,0,0,0,0,0

2015-01-30 08:58:08, STOP,570,0,PC,0,0,0,0,0,0,35216.0,0,0,0

2015-01-30 08:58:10, START,570,465,60556125,22,2,0,0,0,0,0,0,0,0

2015-01-30 09:09:37, STOP,570,465,60556125,22,2,0,0,0,0,35216.0,17344.0,686.8,0

2015-01-30 09:09:47, START,570,0,PC,0,0,0,0,0,0,0,0,0,0

2015-01-30 09:10:23, STOP,570,0,PC,0,0,0,0,0,0,35344.0,0,0,0

2015-01-30 09:10:25, START,570,465,60556125,22,2,0,0,0,0,0,0,0,0

2015-01-30 09:21:51, STOP,570,465,60556125,22,2,0,0,0,0,35344.0,17280.0,686.1,0

2015-01-30 09:22:01, START,570,0,PC,0,0,0,0,0,0,0,0,0,0

2015-01-30 09:22:37, STOP,570,0,PC,0,0,0,0,0,0,35344.0,0,0,0

2015-01-30 09:22:39, START,570,465,60556125,22,2,0,0,0,0,0,0,0,0

2015-01-30 09:34:05, STOP,570,465,60556125,22,2,0,0,0,0,35344.0,17312.0,685.9,0

2015-01-30 09:34:15, START,570,0,PC,0,0,0,0,0,0,0,0,0,0

2015-01-30 09:34:50, STOP,570,0,PC,0,0,0,0,0,0,35440.0,0,0,0

2015-01-30 09:34:56, START,570,51,60556025,0,2,0,0,0,0,0,0,0,0

2015-01-30 09:47:49, STOP,570,51,60556025,0,2,0,0,0,0,35440.0,17200.0,772.8,0

2015-01-30 09:47:59, START,570,0,PC,0,0,0,0,0,0,0,0,0,0

2015-01-30 09:48:34, STOP,570,0,PC,0,0,0,0,0,0,35104.0,0,0,0

2015-01-30 09:48:36, START,570,51,60556025,0,2,0,0,0,0,0,0,0,0

2015-01-30 10:01:20, STOP,570,51,60556025,0,2,0,0,0,0,35104.0,17120.0,764.1,0

2015-01-30 10:01:30, START,570,0,PC,0,0,0,0,0,0,0,0,0,0

2015-01-30 10:02:06, STOP,570,0,PC,0,0,0,0,0,0,35312.0,0,0,0

2015-01-30 10:02:08, START,570,51,60556025,0,2,0,0,0,0,0,0,0,0

2015-01-30 10:14:52, STOP,570,51,60556025,0,2,0,0,0,0,35312.0,17136.0,764.0,0

2015-01-30 10:15:02, START,570,0,PC,0,0,0,0,0,0,0,0,0,0

2015-01-30 10:15:38, STOP,570,0,PC,0,0,0,0,0,0,35248.0,0,0,0

2015-01-30 10:15:40, START,570,51,60556025,0,2,0,0,0,0,0,0,0,0

2015-01-30 10:28:25, STOP,570,51,60556025,0,2,0,0,0,0,35248.0,17808.0,764.6,0

2015-01-30 10:28:35, START,570,0,PC,0,0,0,0,0,0,0,0,0,0

2015-01-30 10:29:10, STOP,570,0,PC,0,0,0,0,0,0,35328.0,0,0,0

2015-01-30 10:29:12, START,570,51,60556025,0,2,0,0,0,0,0,0,0,0

2015-01-30 10:41:55, STOP,570,51,60556025,0,2,0,0,0,0,35328.0,17216.0,762.6,0

2015-01-30 10:42:05, START,570,0,PC,0,0,0,0,0,0,0,0,0,0

2015-01-30 10:42:41, STOP,570,0,PC,0,0,0,0,0,0,35056.0,0,0,0

2015-01-30 10:42:43, START,570,51,60556025,0,2,0,0,0,0,0,0,0,0

2015-01-30 10:55:26, STOP,570,51,60556025,0,2,0,0,0,0,35056.0,17280.0,763.5,0

2015-01-30 10:55:36, START,570,0,PC,0,0,0,0,0,0,0,0,0,0

2015-01-30 10:56:12, STOP,570,0,PC,0,0,0,0,0,0,35136.0,0,0,0

2015-01-30 10:56:14, START,570,51,60556025,0,2,0,0,0,0,0,0,0,0

2015-01-30 11:08:58, STOP,570,51,60556025,0,2,0,0,0,0,35136.0,17600.0,764.5,0

2015-01-30 11:09:08, START,570,0,PC,0,0,0,0,0,0,0,0,0,0

2015-01-30 11:09:44, STOP,570,0,PC,0,0,0,0,0,0,35088.0,0,0,0

2015-01-30 11:09:46, START,570,51,60556025,0,2,0,0,0,0,0,0,0,0

2015-01-30 11:22:31, STOP,570,51,60556025,0,2,0,0,0,0,35088.0,17200.0,764.7,0

2015-01-30 11:22:41, START,570,0,PC,0,0,0,0,0,0,0,0,0,0

2015-01-30 11:23:16, STOP,570,0,PC,0,0,0,0,0,0,35232.0,0,0,0

2015-01-30 11:23:18, START,570,51,60556025,0,2,0,0,0,0,0,0,0,0

2015-01-30 11:36:03, STOP,570,51,60556025,0,2,0,0,0,0,35232.0,17296.0,764.3,0

2015-01-30 11:36:13, START,570,0,PC,0,0,0,0,0,0,0,0,0,0

2015-01-30 11:36:48, STOP,570,0,PC,0,0,0,0,0,0,35168.0,0,0,0

2015-01-30 11:36:50, START,570,51,60556025,0,2,0,0,0,0,0,0,0,0

2015-01-30 11:49:34, STOP,570,51,60556025,0,2,0,0,0,0,35168.0,17280.0,763.4,0

2015-01-30 12:06:18, START,570,0,PC,0,0,0,0,0,0,0,0,0,0

2015-01-30 12:06:54, STOP,570,0,PC,0,0,0,0,0,0,35536.0,0,0,0

2015-01-30 12:06:56, START,570,51,60556025,0,2,0,0,0,0,0,0,0,0

2015-01-30 12:19:40, STOP,570,51,60556025,0,2,0,0,0,0,35536.0,17280.0,763.3,0

2015-01-30 12:19:50, START,570,0,PC,0,0,0,0,0,0,0,0,0,0

2015-01-30 12:20:25, STOP,570,0,PC,0,0,0,0,0,0,35120.0,0,0,0

2015-01-30 12:20:27, START,570,51,60556025,0,2,0,0,0,0,0,0,0,0

2015-01-30 12:33:11, STOP,570,51,60556025,0,2,0,0,0,0,35120.0,17408.0,764.0,0

2015-01-30 12:33:21, START,570,0,PC,0,0,0,0,0,0,0,0,0,0

2015-01-30 12:33:57, STOP,570,0,PC,0,0,0,0,0,0,35280.0,0,0,0

2015-01-30 12:33:59, START,570,51,60556025,0,2,0,0,0,0,0,0,0,0

2015-01-30 12:46:43, STOP,570,51,60556025,0,2,0,0,0,0,35280.0,17184.0,763.5,0

2015-01-30 12:46:53, START,570,0,PC,0,0,0,0,0,0,0,0,0,0

2015-01-30 12:47:28, STOP,570,0,PC,0,0,0,0,0,0,35200.0,0,0,0

2015-01-30 12:47:30, START,570,51,60556025,0,2,0,0,0,0,0,0,0,0

2015-01-30 13:00:14, STOP,570,51,60556025,0,2,0,0,0,0,35200.0,17312.0,764.2,0

2015-01-30 13:00:24, START,570,0,PC,0,0,0,0,0,0,0,0,0,0

2015-01-30 13:01:00, STOP,570,0,PC,0,0,0,0,0,0,35248.0,0,0,0

2015-01-30 13:01:02, START,570,51,60556025,0,2,0,0,0,0,0,0,0,0

2015-01-30 13:13:46, STOP,570,51,60556025,0,2,0,0,0,0,35248.0,17088.0,763.8,0

2015-01-30 13:13:56, START,570,0,PC,0,0,0,0,0,0,0,0,0,0

2015-01-30 13:14:31, STOP,570,0,PC,0,0,0,0,0,0,35088.0,0,0,0

2015-01-30 13:14:34, START,570,51,60556025,0,2,0,0,0,0,0,0,0,0

2015-01-30 13:27:18, STOP,570,51,60556025,0,2,0,0,0,0,35088.0,17184.0,764.2,0

2015-01-30 13:32:11, START,570,0,PC,0,0,0,0,0,0,0,0,0,0

2015-01-30 13:32:46, STOP,570,0,PC,0,0,0,0,0,0,35264.0,0,0,0

2015-01-30 13:32:48, START,570,51,60556025,0,2,0,0,0,0,0,0,0,0

2015-01-30 13:45:32, STOP,570,51,60556025,0,2,0,0,0,0,35264.0,17216.0,763.8,0

2015-01-30 13:45:42, START,570,0,PC,0,0,0,0,0,0,0,0,0,0

2015-01-30 13:46:18, STOP,570,0,PC,0,0,0,0,0,0,35200.0,0,0,0

2015-01-30 13:46:20, START,570,51,60556025,0,2,0,0,0,0,0,0,0,0

2015-01-30 13:59:04, STOP,570,51,60556025,0,2,0,0,0,0,35200.0,17168.0,764.3,0

2015-01-30 13:59:14, START,570,0,PC,0,0,0,0,0,0,0,0,0,0

2015-01-30 13:59:50, STOP,570,0,PC,0,0,0,0,0,0,35248.0,0,0,0

2015-01-30 13:59:52, START,570,51,60556025,0,2,0,0,0,0,0,0,0,0

2015-01-30 14:12:37, STOP,570,51,60556025,0,2,0,0,0,0,35248.0,17280.0,764.7,0

2015-01-30 14:15:11, START,570,0,PC,0,0,0,0,0,0,0,0,0,0

2015-01-30 14:15:47, STOP,570,0,PC,0,0,0,0,0,0,35184.0,0,0,0

2015-01-30 14:15:49, START,570,51,60556025,0,2,0,0,0,0,0,0,0,0

2015-01-30 14:51:43, STOP,570,51,60556025,0,2,0,0,0,0,35184.0,17264.0,2154.8,0

2015-01-30 14:51:53, START,570,0,PC,0,0,0,0,0,0,0,0,0,0

2015-01-30 14:52:29, STOP,570,0,PC,0,0,0,0,0,0,35568.0,0,0,0

2015-01-30 14:52:31, START,570,51,60556025,0,2,0,0,0,0,0,0,0,0

2015-01-30 15:05:16, STOP,570,51,60556025,0,2,0,0,0,0,35568.0,17296.0,764.5,0

2015-01-30 15:05:26, START,570,0,PC,0,0,0,0,0,0,0,0,0,0

2015-01-30 15:06:02, STOP,570,0,PC,0,0,0,0,0,0,35344.0,0,0,0

2015-01-30 15:06:04, START,570,51,60556025,0,2,0,0,0,0,0,0,0,0

2015-01-30 15:18:48, STOP,570,51,60556025,0,2,0,0,0,0,35344.0,17328.0,763.7,0

2015-01-30 15:18:57, START,570,0,PC,0,0,0,0,0,0,0,0,0,0

2015-01-30 15:19:33, STOP,570,0,PC,0,0,0,0,0,0,35344.0,0,0,0

2015-01-30 15:19:35, START,570,51,60556025,0,2,0,0,0,0,0,0,0,0

2015-01-30 15:32:20, STOP,570,51,60556025,0,2,0,0,0,0,35344.0,17232.0,764.4,0

2015-01-30 15:32:30, START,570,0,PC,0,0,0,0,0,0,0,0,0,0

2015-01-30 15:33:06, STOP,570,0,PC,0,0,0,0,0,0,35632.0,0,0,0

2015-01-30 15:33:08, START,570,51,60556025,0,2,0,0,0,0,0,0,0,0

2015-01-30 15:45:51, STOP,570,51,60556025,0,2,0,0,0,0,35632.0,17168.0,763.4,0

2015-01-30 15:46:01, START,570,0,PC,0,0,0,0,0,0,0,0,0,0

2015-01-30 15:46:37, STOP,570,0,PC,0,0,0,0,0,0,35584.0,0,0,0

2015-01-30 15:46:39, START,570,451,60556025,22,2,0,0,0,0,0,0,0,0

2015-01-30 15:59:34, STOP,570,451,60556025,22,2,0,0,0,0,35584.0,17360.0,774.5,0

2015-01-30 15:59:44, START,570,0,PC,0,0,0,0,0,0,0,0,0,0

2015-01-30 16:00:20, STOP,570,0,PC,0,0,0,0,0,0,35696.0,0,0,0

2015-01-30 16:00:22, START,570,451,60556025,22,2,0,0,0,0,0,0,0,0

2015-01-30 16:13:17, STOP,570,451,60556025,22,2,0,0,0,0,35696.0,17072.0,774.7,0

2015-01-30 16:13:27, START,570,0,PC,0,0,0,0,0,0,0,0,0,0

2015-01-30 16:14:03, STOP,570,0,PC,0,0,0,0,0,0,35424.0,0,0,0

2015-01-30 16:14:05, START,570,451,60556025,22,2,0,0,0,0,0,0,0,0

2015-01-30 16:26:59, STOP,570,451,60556025,22,2,0,0,0,0,35424.0,17216.0,774.3,0

2015-01-30 16:27:09, START,570,0,PC,0,0,0,0,0,0,0,0,0,0

2015-01-30 16:27:45, STOP,570,0,PC,0,0,0,0,0,0,35952.0,0,0,0

2015-01-30 16:27:47, START,570,451,60556025,22,2,0,0,0,0,0,0,0,0

2015-01-30 16:40:42, STOP,570,451,60556025,22,2,0,0,0,0,35952.0,17376.0,774.2,0

2015-01-30 16:40:52, START,570,0,PC,0,0,0,0,0,0,0,0,0,0

2015-01-30 16:41:28, STOP,570,0,PC,0,0,0,0,0,0,35472.0,0,0,0

2015-01-30 16:41:30, START,570,451,60556025,22,2,0,0,0,0,0,0,0,0

2015-01-30 16:54:23, STOP,570,451,60556025,22,2,0,0,0,0,35472.0,17184.0,773.8,0

2015-01-30 16:54:33, START,570,0,PC,0,0,0,0,0,0,0,0,0,0

2015-01-30 16:55:10, STOP,570,0,PC,0,0,0,0,0,0,35792.0,0,0,0

2015-01-30 16:55:12, START,570,451,60556025,22,2,0,0,0,0,0,0,0,0

2015-01-30 17:08:07, STOP,570,451,60556025,22,2,0,0,0,0,35792.0,17440.0,774.8,0

2015-01-30 17:08:17, START,570,0,PC,0,0,0,0,0,0,0,0,0,0

2015-01-30 17:08:52, STOP,570,0,PC,0,0,0,0,0,0,35360.0,0,0,0

2015-01-30 17:08:54, START,570,451,60556025,22,2,0,0,0,0,0,0,0,0

2015-01-30 17:21:48, STOP,570,451,60556025,22,2,0,0,0,0,35360.0,17248.0,773.6,0

2015-01-30 17:21:58, START,570,0,PC,0,0,0,0,0,0,0,0,0,0

2015-01-30 17:22:34, STOP,570,0,PC,0,0,0,0,0,0,35728.0,0,0,0

2015-01-30 17:22:36, START,570,451,60556025,22,2,0,0,0,0,0,0,0,0

2015-01-30 17:35:31, STOP,570,451,60556025,22,2,0,0,0,0,35728.0,17104.0,774.7,0

2015-01-30 17:35:41, START,570,0,PC,0,0,0,0,0,0,0,0,0,0

2015-01-30 17:36:17, STOP,570,0,PC,0,0,0,0,0,0,35472.0,0,0,0

2015-01-30 17:36:19, START,570,451,60556025,22,2,0,0,0,0,0,0,0,0

2015-01-30 17:49:13, STOP,570,451,60556025,22,2,0,0,0,0,35472.0,17200.0,774.4,0

2015-01-30 17:49:23, START,570,0,PC,0,0,0,0,0,0,0,0,0,0

2015-01-30 17:49:59, STOP,570,0,PC,0,0,0,0,0,0,35648.0,0,0,0

2015-01-30 17:50:01, START,570,451,60556025,22,2,0,0,0,0,0,0,0,0

2015-01-30 18:02:57, STOP,570,451,60556025,22,2,0,0,0,0,35648.0,17328.0,775.2,0

2015-01-30 18:03:07, START,570,0,PC,0,0,0,0,0,0,0,0,0,0

2015-01-30 18:03:42, STOP,570,0,PC,0,0,0,0,0,0,35328.0,0,0,0

2015-01-30 18:03:44, START,570,451,60556025,22,2,0,0,0,0,0,0,0,0

2015-01-30 18:16:39, STOP,570,451,60556025,22,2,0,0,0,0,35328.0,16960.0,774.7,0

2015-01-30 18:16:49, START,570,0,PC,0,0,0,0,0,0,0,0,0,0

2015-01-30 18:17:25, STOP,570,0,PC,0,0,0,0,0,0,35744.0,0,0,0

2015-01-30 18:17:27, START,570,451,60556025,22,2,0,0,0,0,0,0,0,0

2015-01-30 18:30:23, STOP,570,451,60556025,22,2,0,0,0,0,35744.0,17424.0,775.4,0

2015-01-30 18:30:33, START,570,0,PC,0,0,0,0,0,0,0,0,0,0

2015-01-30 18:31:09, STOP,570,0,PC,0,0,0,0,0,0,35360.0,0,0,0

2015-01-30 18:31:11, START,570,451,60556025,22,2,0,0,0,0,0,0,0,0

2015-01-30 18:44:05, STOP,570,451,60556025,22,2,0,0,0,0,35360.0,17248.0,774.1,0

2015-01-30 18:44:15, START,570,0,PC,0,0,0,0,0,0,0,0,0,0

2015-01-30 18:44:51, STOP,570,0,PC,0,0,0,0,0,0,35728.0,0,0,0

2015-01-30 18:44:53, START,570,451,60556025,22,2,0,0,0,0,0,0,0,0

2015-01-30 18:57:47, STOP,570,451,60556025,22,2,0,0,0,0,35728.0,17280.0,774.0,0

2015-01-30 18:57:57, START,570,0,PC,0,0,0,0,0,0,0,0,0,0

2015-01-30 18:58:33, STOP,570,0,PC,0,0,0,0,0,0,35616.0,0,0,0

2015-01-30 18:58:35, START,570,451,60556025,22,2,0,0,0,0,0,0,0,0

2015-01-30 19:11:30, STOP,570,451,60556025,22,2,0,0,0,0,35616.0,17264.0,774.5,0

2015-01-30 19:11:40, START,570,0,PC,0,0,0,0,0,0,0,0,0,0

2015-01-30 19:12:16, STOP,570,0,PC,0,0,0,0,0,0,35728.0,0,0,0

2015-01-30 19:12:18, START,570,451,60556025,22,2,0,0,0,0,0,0,0,0

2015-01-30 19:25:13, STOP,570,451,60556025,22,2,0,0,0,0,35728.0,17216.0,774.7,0

2015-01-30 19:25:23, START,570,0,PC,0,0,0,0,0,0,0,0,0,0

2015-01-30 19:25:59, STOP,570,0,PC,0,0,0,0,0,0,35504.0,0,0,0

2015-01-30 19:26:01, START,570,451,60556025,22,2,0,0,0,0,0,0,0,0

2015-01-30 19:38:56, STOP,570,451,60556025,22,2,0,0,0,0,35504.0,17280.0,774.6,0

2015-01-30 20:05:51, START,570,0,PC,0,0,0,0,0,0,0,0,0,0

2015-01-30 20:06:28, STOP,570,0,PC,0,0,0,0,0,0,36464.0,0,0,0

2015-01-30 20:06:30, START,570,451,60556025,22,2,0,0,0,0,0,0,0,0

2015-01-30 20:19:24, STOP,570,451,60556025,22,2,0,0,0,0,36464.0,17200.0,774.3,0

2015-01-30 20:19:34, START,570,0,PC,0,0,0,0,0,0,0,0,0,0

2015-01-30 20:20:10, STOP,570,0,PC,0,0,0,0,0,0,35408.0,0,0,0

2015-01-30 20:20:12, START,570,451,60556025,22,2,0,0,0,0,0,0,0,0

2015-01-30 20:33:06, STOP,570,451,60556025,22,2,0,0,0,0,35408.0,17104.0,774.0,0

2015-01-30 20:33:16, START,570,0,PC,0,0,0,0,0,0,0,0,0,0

2015-01-30 20:33:52, STOP,570,0,PC,0,0,0,0,0,0,35680.0,0,0,0

2015-01-30 20:33:54, START,570,451,60556025,22,2,0,0,0,0,0,0,0,0

2015-01-30 20:46:48, STOP,570,451,60556025,22,2,0,0,0,0,35680.0,17040.0,773.4,0

2015-01-30 20:46:58, START,570,0,PC,0,0,0,0,0,0,0,0,0,0

2015-01-30 20:47:34, STOP,570,0,PC,0,0,0,0,0,0,35392.0,0,0,0

2015-01-30 20:47:36, START,570,451,60556025,22,2,0,0,0,0,0,0,0,0

2015-01-30 21:00:31, STOP,570,451,60556025,22,2,0,0,0,0,35392.0,17200.0,774.7,0

2015-01-30 21:00:41, START,570,0,PC,0,0,0,0,0,0,0,0,0,0

2015-01-30 21:01:17, STOP,570,0,PC,0,0,0,0,0,0,35872.0,0,0,0

2015-01-30 21:01:19, START,570,451,60556025,22,2,0,0,0,0,0,0,0,0

2015-01-30 21:14:14, STOP,570,451,60556025,22,2,0,0,0,0,35872.0,17248.0,774.4,0

2015-01-30 21:14:24, START,570,0,PC,0,0,0,0,0,0,0,0,0,0

2015-01-30 21:14:59, STOP,570,0,PC,0,0,0,0,0,0,35552.0,0,0,0

2015-01-30 21:15:01, START,570,451,60556025,22,2,0,0,0,0,0,0,0,0

2015-01-30 21:27:55, STOP,570,451,60556025,22,2,0,0,0,0,35552.0,17184.0,773.6,0

2015-01-30 21:28:05, START,570,0,PC,0,0,0,0,0,0,0,0,0,0

2015-01-30 21:28:41, STOP,570,0,PC,0,0,0,0,0,0,35712.0,0,0,0

2015-01-30 21:28:43, START,570,451,60556025,22,2,0,0,0,0,0,0,0,0

2015-01-30 21:41:37, STOP,570,451,60556025,22,2,0,0,0,0,35712.0,17280.0,773.9,0

2015-01-30 21:43:21, START,570,0,PC,0,0,0,0,0,0,0,0,0,0

2015-01-30 21:43:57, STOP,570,0,PC,0,0,0,0,0,0,35328.0,0,0,0

2015-01-30 21:43:59, START,570,451,60556025,22,2,0,0,0,0,0,0,0,0

2015-01-30 21:56:54, STOP,570,451,60556025,22,2,0,0,0,0,35328.0,17280.0,774.8,0

2015-01-30 21:57:04, START,570,0,PC,0,0,0,0,0,0,0,0,0,0

2015-01-30 21:57:40, STOP,570,0,PC,0,0,0,0,0,0,35648.0,0,0,0

2015-01-30 21:57:42, START,570,61,60556105,0,2,0,0,0,0,0,0,0,0

2015-01-30 22:08:59, STOP,570,61,60556105,0,2,0,0,0,0,35648.0,17312.0,677.3,0

2015-01-30 22:09:09, START,570,0,PC,0,0,0,0,0,0,0,0,0,0

2015-01-30 22:09:45, STOP,570,0,PC,0,0,0,0,0,0,35264.0,0,0,0

2015-01-30 22:09:47, START,570,61,60556105,0,2,0,0,0,0,0,0,0,0

2015-01-30 22:21:03, STOP,570,61,60556105,0,2,0,0,0,0,35264.0,17248.0,676.4,0

2015-01-30 22:21:13, START,570,0,PC,0,0,0,0,0,0,0,0,0,0

2015-01-30 22:21:49, STOP,570,0,PC,0,0,0,0,0,0,35616.0,0,0,0

2015-01-30 22:21:51, START,570,61,60556105,0,2,0,0,0,0,0,0,0,0

2015-01-30 22:33:09, STOP,570,61,60556105,0,2,0,0,0,0,35616.0,17312.0,677.6,0

2015-02-02 09:09:12, STOP,570,53,60556035,0,2,0,0,0,0,35568.0,17328.0,676.5,0

2015-02-02 09:14:34, START,570,0,PC,0,0,0,0,0,0,0,0,0,0

2015-02-02 09:15:09, STOP,570,0,PC,0,0,0,0,0,0,35536.0,0,0,0

2015-02-02 09:15:11, START,570,53,60556035,0,2,0,0,0,0,0,0,0,0

2015-02-02 09:26:27, STOP,570,53,60556035,0,2,0,0,0,0,35536.0,17264.0,675.2,0

2015-02-02 09:26:37, START,570,0,PC,0,0,0,0,0,0,0,0,0,0

2015-02-02 09:27:13, STOP,570,0,PC,0,0,0,0,0,0,35360.0,0,0,0

2015-02-02 09:27:15, START,570,53,60556035,0,2,0,0,0,0,0,0,0,0

2015-02-02 09:38:31, STOP,570,53,60556035,0,2,0,0,0,0,35360.0,17296.0,676.0,0

2015-02-02 09:38:41, START,570,0,PC,0,0,0,0,0,0,0,0,0,0

2015-02-02 09:39:17, STOP,570,0,PC,0,0,0,0,0,0,35424.0,0,0,0

2015-02-02 09:39:19, START,570,53,60556035,0,2,0,0,0,0,0,0,0,0

2015-02-02 09:50:35, STOP,570,53,60556035,0,2,0,0,0,0,35424.0,17408.0,675.9,0

2015-02-02 09:50:45, START,570,0,PC,0,0,0,0,0,0,0,0,0,0

2015-02-02 09:51:20, STOP,570,0,PC,0,0,0,0,0,0,35408.0,0,0,0

2015-02-02 09:51:22, START,570,53,60556035,0,2,0,0,0,0,0,0,0,0

2015-02-02 10:02:38, STOP,570,53,60556035,0,2,0,0,0,0,35408.0,17296.0,675.9,0

2015-02-02 10:02:48, START,570,0,PC,0,0,0,0,0,0,0,0,0,0

2015-02-02 10:03:24, STOP,570,0,PC,0,0,0,0,0,0,35200.0,0,0,0

2015-02-02 10:03:26, START,570,53,60556035,0,2,0,0,0,0,0,0,0,0

2015-02-02 10:14:42, STOP,570,53,60556035,0,2,0,0,0,0,35200.0,17168.0,676.2,0

2015-02-02 10:14:52, START,570,0,PC,0,0,0,0,0,0,0,0,0,0

2015-02-02 10:15:28, STOP,570,0,PC,0,0,0,0,0,0,35648.0,0,0,0

2015-02-02 10:15:30, START,570,53,60556035,0,2,0,0,0,0,0,0,0,0

2015-02-02 10:26:46, STOP,570,53,60556035,0,2,0,0,0,0,35648.0,17184.0,675.9,0

2015-02-02 10:26:56, START,570,0,PC,0,0,0,0,0,0,0,0,0,0

2015-02-02 10:27:32, STOP,570,0,PC,0,0,0,0,0,0,35376.0,0,0,0

2015-02-02 10:27:34, START,570,53,60556035,0,2,0,0,0,0,0,0,0,0

2015-02-02 10:38:50, STOP,570,53,60556035,0,2,0,0,0,0,35376.0,17280.0,676.0,0

2015-02-02 10:39:00, START,570,0,PC,0,0,0,0,0,0,0,0,0,0

2015-02-02 10:39:36, STOP,570,0,PC,0,0,0,0,0,0,35552.0,0,0,0

2015-02-02 10:39:38, START,570,53,60556035,0,2,0,0,0,0,0,0,0,0

